NBHDNo,NBHDName,BranchCode,BranchName,Year,Visits,Registrations,Circulation,Sessions
002,Mount Olive-Silverstone-Jamestown,AB,Albion,2012,522309.0,4939,515235,132024.0
120,Clairlea-Birchmount,ACD,Albert Campbell,2012,214076.0,1695,446623,131353.0
020,Alderwood,AD,Alderwood,2012,88065.0,445,171050,16279.0
118,Tam O'Shanter-Sullivan,AG,Agincourt,2012,434320.0,3166,1061437,140407.0
039,Bedford Park-Nortown,AH,Armour Heights,2012,67184.0,467,204490,11895.0
090,Junction Area,AN,Annette Street,2012,96885.0,918,240626,36663.0
030,Brookhaven-Amesbury,AP,Amesbury Park,2012,74678.0,901,163898,18961.0
150,Fenside-Parkwoods,BB,Brookbanks,2012,61252.0,720,202154,19784.0
154,Oakdale-Beverley Heights,BC,Black Creek,2012,95843.0,1167,138372,25755.0
157,Bendale South,BD,Bendale,2012,62326.0,820,200129,19911.0
063,The Beaches,BE,Beaches,2012,235687.0,1525,341900,45165.0
032,Englemount-Lawrence,BF,Barbara Frum,2012,353141.0,2303,647905,101666.0
083,Dufferin Grove,BL,Bloor/Gladstone,2012,373581.0,2798,479949,177112.0
015,Kingsway South,BR,Brentwood,2012,40479.0,766,106001,8276.0
147,L'Amoreaux West,BRW,Bridlewood,2012,392397.0,2015,518725,41350.0
146,Malvern East,BUR,Burrows Hall,2012,151087.0,955,218886,25885.0
123,Cliffcrest,CC,Cliffcrest,2012,89195.0,837,195299,18786.0
035,Westminster-Branson,CE,Centennial,2012,143138.0,1631,348457,28740.0
141,Golfdale-Cedarbrae-Woburn,CED,Cedarbrae,2012,415753.0,4750,731057,240834.0
170,Yonge-Bay Corridor,CH,City Hall,2012,215588.0,1685,384481,30061.0
037,Willowdale West,CL,North York Central Library,2012,1493796.0,10291,1703346,484789.0
080,Palmerston-Little Italy,CS,College/Shaw,2012,120622.0,1035,215913,22640.0
064,Woodbine Corridor,DA,Danforth/Coxwell,2012,168594.0,1016,307214,35962.0
042,Banbury-Don Mills,DM,Don Mills,2012,248880.0,1873,685617,75424.0
155,Downsview,DO,Downsview,2012,339600.0,1636,271666,103227.0
098,Rosedale-Moore Park,DP,Deer Park,2012,229132.0,1817,401443,40648.0
054,O'Connor-Parkview,DR,Dawes Road,2012,133892.0,1184,225295,48770.0
094,Wychwood,DT,Davenport,2012,40644.0,275,123173,6192.0
092,Corso Italia-Davenport,DU,Dufferin/St. Clair,2012,117090.0,954,154309,54256.0
158,Islington,EA,Eatonville,2012,205341.0,2423,530488,48329.0
011,Eringate-Centennial-West Deane,EB,Elmbrook Park,2012,54894.0,322,183060,8451.0
110,Keelesdale-Eglinton West,EG,Evelyn Gregory,2012,51552.0,524,95421,30367.0
052,Bayview Village,EN,Ethennonnhawahstihnen',2012,188863.0,1820,433652,21394.0
120,Clairlea-Birchmount,ES,Eglinton Square,2012,220158.0,1392,286302,34997.0
102,Forest Hill North,FH,Forest Hill,2012,93424.0,922,227143,20652.0
044,Flemingdon Park,FP,Flemingdon Park,2012,150663.0,1382,188026,55771.0
047,Don Valley Village,FV,Fairview,2012,442214.0,4064,890759,164649.0
065,Greenwood-Coxwell,GE,Gerrard/Ashdale,2012,104885.0,528,203132,21811.0
130,Milliken,GHP,Goldhawk Park,2012,205973.0,801,334004,46660.0
140,Guildwood,GW,Guildwood,2012,58289.0,380,148552,11027.0
016,Stonegate-Queensway,HB,Humber Bay,2012,59603.0,617,192426,8441.0
134,Highland Creek,HC,Highland Creek,2012,80642.0,762,218516,23497.0
048,Hillcrest Village,HIL,Hillcrest,2012,150059.0,915,360965,32986.0
087,High Park-Swansea,HP,High Park,2012,164444.0,953,308987,39306.0
021,Humber Summit,HS,Humber Summit,2012,51300.0,604,97199,31763.0
001,West Humber-Clairville,HW,Humberwood,2012,209196.0,485,106825,31205.0
089,Runnymede-Bloor West Village,JD,Jane/Dundas,2012,165105.0,1752,300276,71573.0
070,South Riverdale,JO,Jones,2012,87163.0,535,181779,30753.0
025,Glenfield-Jane Heights,JS,Jane/Sheppard,2012,95315.0,1034,141266,46352.0
125,Ionview,KE,Kennedy/Eglinton,2012,117782.0,1430,223015,38399.0
019,Long Branch,LB,Long Branch,2012,53681.0,652,142115,26643.0
056,Leaside-Bennington,LE,Leaside,2012,134816.0,1065,363636,25308.0
103,Lawrence Park South,LO,Locke,2012,181942.0,1597,351907,42570.0
078,Kensington-Chinatown,LS,Lillian H. Smith,2012,370557.0,3194,499815,188318.0
062,East End-Danforth,MA,Main Street,2012,127129.0,866,278109,35881.0
146,Malvern East,MAL,Malvern,2012,358262.0,2534,534394,165136.0
107,Oakwood-Vaughan,MAS,Maria A. Shchuka,2012,242057.0,1806,284876,132310.0
126,Dorset Park,MCG,McGregor Park,2012,132919.0,1321,269715,39797.0
160,Mimico-Queensway,MI,Mimico Centennial,2012,93400.0,834,216921,17454.0
099,Mount Pleasant East,MP,Mount Pleasant,2012,66278.0,510,163678,5328.0
119,Wexford-Maryvale,MRV,Maryvale,2012,168413.0,994,266502,31081.0
136,West Hill,MS,Morningside,2012,119263.0,1146,217494,34166.0
100,Yonge-Eglinton,ND,Northern District,2012,407488.0,2755,489994,127600.0
001,West Humber-Clairville,NE,Northern Elms,2012,39158.0,446,90365,12532.0
018,New Toronto,NT,New Toronto,2012,88266.0,583,146150,26430.0
107,Oakwood-Vaughan,OV,Oakwood Village Library and Arts Centre,2012,79205.0,600,128285,35837.0
069,Blake-Jones,PA,Pape/Danforth,2012,279483.0,1397,436618,70725.0
171,Junction-Wallace Emerson,PE,Perth/Dupont,2012,35235.0,185,86088,10329.0
085,South Parkdale,PK,Parkdale,2012,315734.0,1994,375921,111474.0
073,Moss Park,PL,Parliament Street,2012,205094.0,1649,261976,60005.0
095,Annex,PM,Palmerston,2012,119602.0,754,220608,21846.0
133,Centennial Scarborough,PU,Port Union,2012,134834.0,819,254806,15438.0
046,Pleasant View,PV,Pleasant View,2012,103343.0,713,256862,25879.0
070,South Riverdale,QS,Queen/Saulter,2012,60209.0,417,108993,12243.0
068,North Riverdale,RD,Riverdale,2012,231360.0,986,338175,73429.0
007,Willowridge-Martingrove-Richview,RI,Richview,2012,421962.0,3082,791674,131921.0
088,High Park North,RN,Runnymede,2012,325843.0,1782,470632,69640.0
004,Rexdale-Kipling,RX,Rexdale,2012,45502.0,421,97181,20822.0
078,Kensington-Chinatown,SA,Sanderson,2012,352949.0,1419,311553,67645.0
091,Weston-Pellam Park,SI,St. Clair/Silverthorn,2012,41997.0,306,65465,15156.0
074,North St. James Town,SJ,St. James Town,2012,198384.0,1828,301031,64006.0
166,St Lawrence-East Bayfront-The Islands,SL,St. Lawrence,2012,99144.0,915,200598,23702.0
095,Annex,SP,Spadina Road,2012,92352.0,754,196119,11709.0
116,Steeles,ST,Steeles,2012,210047.0,902,338021,37604.0
087,High Park-Swansea,SW,Swansea Memorial,2012,20256.0,88,45368,2759.0
059,Danforth Village - East York,SWS,S. Walter Stewart,2012,254166.0,1360,459564,129468.0
122,Birchcliffe-Cliffside,TA,Taylor Memorial,2012,40929.0,443,130971,13881.0
055,Thorncliffe Park,TH,Thorncliffe,2012,205064.0,1555,231899,80657.0
058,Old East York,TOD,Todmorden Room,2012,21401.0,157,55391,2820.0
098,Rosedale-Moore Park,TRL,Toronto Reference Library,2012,1137016.0,8682,355367,727822.0
043,Victoria Village,VV,Victoria Village,2012,65984.0,427,117945,14772.0
113,Weston,WE,Weston,2012,84777.0,1092,185500,40117.0
022,Humbermede,WP,Woodview Park,2012,35561.0,515,90311,19629.0
129,Agincourt North,WS,Woodside Square,2012,488396.0,2013,542341,105207.0
096,Casa Loma,WY,Wychwood,2012,107079.0,845,243739,44020.0
095,Annex,YO,Yorkville,2012,208985.0,1042,327149,32464.0
025,Glenfield-Jane Heights,YW,York Woods,2012,212775.0,3008,338157,172783.0
002,Mount Olive-Silverstone-Jamestown,AB,Albion,2013,432525.0,4483,466776,139402.0
120,Clairlea-Birchmount,ACD,Albert Campbell,2013,222012.0,1770,420341,133591.0
020,Alderwood,AD,Alderwood,2013,96088.0,504,178588,16238.0
118,Tam O'Shanter-Sullivan,AG,Agincourt,2013,451500.0,3586,1053430,180672.0
039,Bedford Park-Nortown,AH,Armour Heights,2013,68925.0,501,207404,11250.0
090,Junction Area,AN,Annette Street,2013,79655.0,814,212282,30396.0
030,Brookhaven-Amesbury,AP,Amesbury Park,2013,53300.0,911,151191,17788.0
150,Fenside-Parkwoods,BB,Brookbanks,2013,60825.0,807,203292,22950.0
154,Oakdale-Beverley Heights,BC,Black Creek,2013,82713.0,1063,110368,21560.0
157,Bendale South,BD,Bendale,2013,72446.0,823,184484,22293.0
063,The Beaches,BE,Beaches,2013,215213.0,1481,348964,46488.0
032,Englemount-Lawrence,BF,Barbara Frum,2013,364175.0,1848,613282,112745.0
083,Dufferin Grove,BL,Bloor/Gladstone,2013,367025.0,2698,477286,171160.0
015,Kingsway South,BR,Brentwood,2013,247650.0,2280,420090,84403.0
147,L'Amoreaux West,BRW,Bridlewood,2013,399650.0,2099,522544,43375.0
146,Malvern East,BUR,Burrows Hall,2013,144500.0,967,207751,27563.0
123,Cliffcrest,CC,Cliffcrest,2013,80800.0,789,193420,17750.0
035,Westminster-Branson,CE,Centennial,2013,138425.0,1836,349505,29350.0
141,Golfdale-Cedarbrae-Woburn,CED,Cedarbrae,2013,405263.0,4395,659795,260191.0
170,Yonge-Bay Corridor,CH,City Hall,2013,219213.0,1992,381890,31225.0
037,Willowdale West,CL,North York Central Library,2013,1690775.0,11924,1735943,545403.0
080,Palmerston-Little Italy,CS,College/Shaw,2013,112175.0,950,214116,21563.0
064,Woodbine Corridor,DA,Danforth/Coxwell,2013,158188.0,1110,319308,39138.0
042,Banbury-Don Mills,DM,Don Mills,2013,239838.0,1898,630135,81804.0
155,Downsview,DO,Downsview,2013,153000.0,1920,265652,120176.0
098,Rosedale-Moore Park,DP,Deer Park,2013,225188.0,1844,407306,52063.0
054,O'Connor-Parkview,DR,Dawes Road,2013,123463.0,1326,235319,49088.0
094,Wychwood,DT,Davenport,2013,39263.0,240,120435,7000.0
092,Corso Italia-Davenport,DU,Dufferin/St. Clair,2013,121688.0,954,151379,63350.0
158,Islington,EA,Eatonville,2013,214193.0,2285,481519,43594.0
011,Eringate-Centennial-West Deane,EB,Elmbrook Park,2013,55800.0,354,184184,7575.0
110,Keelesdale-Eglinton West,EG,Evelyn Gregory,2013,60925.0,490,82785,29788.0
052,Bayview Village,EN,Ethennonnhawahstihnen',2013,205213.0,2343,499535,25243.0
120,Clairlea-Birchmount,ES,Eglinton Square,2013,217688.0,1491,283051,39200.0
102,Forest Hill North,FH,Forest Hill,2013,90188.0,890,215971,19988.0
044,Flemingdon Park,FP,Flemingdon Park,2013,150363.0,1399,173555,59211.0
065,Greenwood-Coxwell,GE,Gerrard/Ashdale,2013,99125.0,539,194083,21888.0
130,Milliken,GHP,Goldhawk Park,2013,184713.0,818,309625,48736.0
140,Guildwood,GW,Guildwood,2013,51138.0,336,134737,12550.0
016,Stonegate-Queensway,HB,Humber Bay,2013,53538.0,634,185845,8675.0
134,Highland Creek,HC,Highland Creek,2013,60375.0,785,204248,22513.0
048,Hillcrest Village,HIL,Hillcrest,2013,222063.0,1350,468119,55275.0
087,High Park-Swansea,HP,High Park,2013,235163.0,1158,347145,41600.0
021,Humber Summit,HS,Humber Summit,2013,48263.0,743,89453,30800.0
001,West Humber-Clairville,HW,Humberwood,2013,212738.0,482,101325,36038.0
089,Runnymede-Bloor West Village,JD,Jane/Dundas,2013,168775.0,2561,290200,75575.0
070,South Riverdale,JO,Jones,2013,75250.0,633,185842,28675.0
025,Glenfield-Jane Heights,JS,Jane/Sheppard,2013,115425.0,1330,140002,48988.0
125,Ionview,KE,Kennedy/Eglinton,2013,117338.0,1539,214023,38200.0
019,Long Branch,LB,Long Branch,2013,54113.0,660,135757,26575.0
056,Leaside-Bennington,LE,Leaside,2013,160863.0,1103,364969,27025.0
103,Lawrence Park South,LO,Locke,2013,179513.0,1547,356462,40425.0
078,Kensington-Chinatown,LS,Lillian H. Smith,2013,354888.0,3254,495308,189215.0
062,East End-Danforth,MA,Main Street,2013,107346.0,836,254725,39548.0
146,Malvern East,MAL,Malvern,2013,385150.0,2661,507636,181120.0
107,Oakwood-Vaughan,MAS,Maria A. Shchuka,2013,208021.0,1791,249361,111379.0
126,Dorset Park,MCG,McGregor Park,2013,128400.0,1346,256023,44723.0
115,Mount Dennis,MD,Mount Dennis,2013,57388.0,995,105129,44575.0
160,Mimico-Queensway,MI,Mimico Centennial,2013,83468.0,816,188067,21055.0
099,Mount Pleasant East,MP,Mount Pleasant,2013,72363.0,591,159474,5675.0
119,Wexford-Maryvale,MRV,Maryvale,2013,150788.0,1102,258596,30713.0
136,West Hill,MS,Morningside,2013,135475.0,1038,216544,39950.0
100,Yonge-Eglinton,ND,Northern District,2013,328400.0,2665,492887,117777.0
001,West Humber-Clairville,NE,Northern Elms,2013,41188.0,414,95443,13700.0
018,New Toronto,NT,New Toronto,2013,88600.0,568,136741,22372.0
107,Oakwood-Vaughan,OV,Oakwood Village Library and Arts Centre,2013,84013.0,604,133008,34600.0
069,Blake-Jones,PA,Pape/Danforth,2013,257275.0,1538,437861,72263.0
171,Junction-Wallace Emerson,PE,Perth/Dupont,2013,40100.0,234,87564,9638.0
085,South Parkdale,PK,Parkdale,2013,345738.0,1883,371412,128159.0
073,Moss Park,PL,Parliament Street,2013,208063.0,1632,257039,69688.0
095,Annex,PM,Palmerston,2013,115625.0,765,222670,20863.0
133,Centennial Scarborough,PU,Port Union,2013,127775.0,850,250018,16875.0
046,Pleasant View,PV,Pleasant View,2013,186250.0,1192,364392,41325.0
070,South Riverdale,QS,Queen/Saulter,2013,70725.0,424,114279,11863.0
068,North Riverdale,RD,Riverdale,2013,226400.0,1014,304089,73788.0
007,Willowridge-Martingrove-Richview,RI,Richview,2013,409390.0,2608,669746,118823.0
088,High Park North,RN,Runnymede,2013,283238.0,1727,457819,67213.0
004,Rexdale-Kipling,RX,Rexdale,2013,46325.0,422,92390,18938.0
078,Kensington-Chinatown,SA,Sanderson,2013,290300.0,1492,292200,69388.0
091,Weston-Pellam Park,SI,St. Clair/Silverthorn,2013,31100.0,290,61402,14225.0
074,North St. James Town,SJ,St. James Town,2013,192963.0,1695,297168,62200.0
166,St Lawrence-East Bayfront-The Islands,SL,St. Lawrence,2013,114900.0,1141,219240,26075.0
095,Annex,SP,Spadina Road,2013,78583.0,691,178496,11245.0
116,Steeles,ST,Steeles,2013,160538.0,1058,323144,37838.0
087,High Park-Swansea,SW,Swansea Memorial,2013,19688.0,67,44401,2575.0
059,Danforth Village - East York,SWS,S. Walter Stewart,2013,262125.0,1293,453121,147925.0
122,Birchcliffe-Cliffside,TA,Taylor Memorial,2013,36375.0,317,137367,15425.0
055,Thorncliffe Park,TH,Thorncliffe,2013,203338.0,2090,231256,88100.0
058,Old East York,TOD,Todmorden Room,2013,17500.0,192,57785,3300.0
098,Rosedale-Moore Park,TRL,Toronto Reference Library,2013,1226659.0,9618,372810,818494.0
043,Victoria Village,VV,Victoria Village,2013,41950.0,429,117074,13675.0
113,Weston,WE,Weston,2013,87500.0,873,148627,37488.0
022,Humbermede,WP,Woodview Park,2013,30575.0,647,87524,16738.0
129,Agincourt North,WS,Woodside Square,2013,471800.0,2229,520729,114088.0
096,Casa Loma,WY,Wychwood,2013,114613.0,1000,239247,43200.0
095,Annex,YO,Yorkville,2013,191050.0,1052,325299,32475.0
025,Glenfield-Jane Heights,YW,York Woods,2013,208388.0,2280,306947,176806.0
002,Mount Olive-Silverstone-Jamestown,AB,Albion,2014,401819.0,3810,398248,142159.0
120,Clairlea-Birchmount,ACD,Albert Campbell,2014,285428.0,1782,398024,149898.0
020,Alderwood,AD,Alderwood,2014,102875.0,543,176590,16500.0
118,Tam O'Shanter-Sullivan,AG,Agincourt,2014,424457.0,3171,934448,166023.0
039,Bedford Park-Nortown,AH,Armour Heights,2014,67675.0,608,192068,11800.0
090,Junction Area,AN,Annette Street,2014,95263.0,878,192175,28629.0
030,Brookhaven-Amesbury,AP,Amesbury Park,2014,56313.0,1020,141236,18550.0
150,Fenside-Parkwoods,BB,Brookbanks,2014,93375.0,705,191767,26263.0
154,Oakdale-Beverley Heights,BC,Black Creek,2014,91963.0,1206,114512,24600.0
157,Bendale South,BD,Bendale,2014,72650.0,838,161001,20538.0
063,The Beaches,BE,Beaches,2014,186600.0,1523,347392,41963.0
032,Englemount-Lawrence,BF,Barbara Frum,2014,356077.0,2053,585103,120551.0
083,Dufferin Grove,BL,Bloor/Gladstone,2014,355250.0,3109,442201,174629.0
015,Kingsway South,BR,Brentwood,2014,234008.0,2032,405961,83069.0
147,L'Amoreaux West,BRW,Bridlewood,2014,420963.0,2016,493792,42088.0
146,Malvern East,BUR,Burrows Hall,2014,107200.0,825,193594,28275.0
123,Cliffcrest,CC,Cliffcrest,2014,80175.0,765,174901,18738.0
035,Westminster-Branson,CE,Centennial,2014,125613.0,1604,311704,26025.0
141,Golfdale-Cedarbrae-Woburn,CED,Cedarbrae,2014,366123.0,3958,584174,258188.0
170,Yonge-Bay Corridor,CH,City Hall,2014,201288.0,2142,360425,29988.0
037,Willowdale West,CL,North York Central Library,2014,1561767.0,12262,1612696,496202.0
080,Palmerston-Little Italy,CS,College/Shaw,2014,112413.0,1082,194304,21663.0
064,Woodbine Corridor,DA,Danforth/Coxwell,2014,146013.0,1109,306457,38850.0
042,Banbury-Don Mills,DM,Don Mills,2014,280151.0,1897,600651,85624.0
155,Downsview,DO,Downsview,2014,168733.0,1861,241057,118894.0
098,Rosedale-Moore Park,DP,Deer Park,2014,275813.0,1824,409681,54988.0
054,O'Connor-Parkview,DR,Dawes Road,2014,121325.0,1213,207658,49650.0
094,Wychwood,DT,Davenport,2014,42150.0,312,120646,7150.0
092,Corso Italia-Davenport,DU,Dufferin/St. Clair,2014,106788.0,889,146068,59313.0
158,Islington,EA,Eatonville,2014,223854.0,2752,511745,47626.0
011,Eringate-Centennial-West Deane,EB,Elmbrook Park,2014,49750.0,410,167238,6538.0
110,Keelesdale-Eglinton West,EG,Evelyn Gregory,2014,56200.0,646,83330,33350.0
052,Bayview Village,EN,Ethennonnhawahstihnen',2014,146697.0,2096,452867,23452.0
120,Clairlea-Birchmount,ES,Eglinton Square,2014,205025.0,1523,260109,37063.0
102,Forest Hill North,FH,Forest Hill,2014,93575.0,972,205273,20288.0
165,Harbourfront-CityPlace,FO,Fort York,2014,96613.0,3651,132189,24150.0
044,Flemingdon Park,FP,Flemingdon Park,2014,146247.0,1002,153730,51997.0
047,Don Valley Village,FV,Fairview,2014,191404.0,5568,697775,167961.0
065,Greenwood-Coxwell,GE,Gerrard/Ashdale,2014,95775.0,579,182103,23425.0
130,Milliken,GHP,Goldhawk Park,2014,202833.0,862,286301,50442.0
140,Guildwood,GW,Guildwood,2014,45950.0,403,124727,12138.0
016,Stonegate-Queensway,HB,Humber Bay,2014,66263.0,614,181224,8900.0
134,Highland Creek,HC,Highland Creek,2014,81538.0,796,192057,24713.0
048,Hillcrest Village,HIL,Hillcrest,2014,128975.0,912,363547,31088.0
087,High Park-Swansea,HP,High Park,2014,194450.0,1224,334554,44950.0
021,Humber Summit,HS,Humber Summit,2014,49413.0,493,78459,31213.0
001,West Humber-Clairville,HW,Humberwood,2014,161325.0,468,90607,34175.0
089,Runnymede-Bloor West Village,JD,Jane/Dundas,2014,158938.0,1488,285210,71413.0
070,South Riverdale,JO,Jones,2014,80275.0,680,178808,28863.0
025,Glenfield-Jane Heights,JS,Jane/Sheppard,2014,94250.0,1099,128740,48763.0
125,Ionview,KE,Kennedy/Eglinton,2014,106838.0,1323,194291,39188.0
019,Long Branch,LB,Long Branch,2014,55625.0,783,138562,22363.0
056,Leaside-Bennington,LE,Leaside,2014,144900.0,1147,362819,23925.0
103,Lawrence Park South,LO,Locke,2014,179275.0,1577,347441,40625.0
078,Kensington-Chinatown,LS,Lillian H. Smith,2014,352151.0,3243,431178,183539.0
062,East End-Danforth,MA,Main Street,2014,123450.0,852,252997,38513.0
146,Malvern East,MAL,Malvern,2014,347883.0,2728,442761,175932.0
107,Oakwood-Vaughan,MAS,Maria A. Shchuka,2014,197358.0,1794,232861,128615.0
126,Dorset Park,MCG,McGregor Park,2014,123663.0,1351,234554,44396.0
115,Mount Dennis,MD,Mount Dennis,2014,82625.0,798,114802,64538.0
160,Mimico-Queensway,MI,Mimico Centennial,2014,94434.0,834,169427,22058.0
099,Mount Pleasant East,MP,Mount Pleasant,2014,63575.0,556,152317,5613.0
119,Wexford-Maryvale,MRV,Maryvale,2014,151875.0,1149,239917,30650.0
136,West Hill,MS,Morningside,2014,124575.0,1152,189655,41363.0
100,Yonge-Eglinton,ND,Northern District,2014,299729.0,2553,464453,106577.0
001,West Humber-Clairville,NE,Northern Elms,2014,34300.0,383,89817,12938.0
018,New Toronto,NT,New Toronto,2014,91293.0,527,127543,23049.0
107,Oakwood-Vaughan,OV,Oakwood Village Library and Arts Centre,2014,86450.0,606,132051,36975.0
069,Blake-Jones,PA,Pape/Danforth,2014,239357.0,1674,424425,71899.0
171,Junction-Wallace Emerson,PE,Perth/Dupont,2014,43838.0,282,91155,10063.0
085,South Parkdale,PK,Parkdale,2014,348589.0,2014,372542,133343.0
073,Moss Park,PL,Parliament Street,2014,198530.0,1561,238983,68339.0
095,Annex,PM,Palmerston,2014,109425.0,816,218377,19988.0
133,Centennial Scarborough,PU,Port Union,2014,117025.0,842,231040,18088.0
046,Pleasant View,PV,Pleasant View,2014,100388.0,701,238752,22738.0
070,South Riverdale,QS,Queen/Saulter,2014,65850.0,473,115853,11150.0
068,North Riverdale,RD,Riverdale,2014,203900.0,962,306181,74888.0
007,Willowridge-Martingrove-Richview,RI,Richview,2014,553673.0,2549,599169,120461.0
088,High Park North,RN,Runnymede,2014,364788.0,1823,448648,68213.0
004,Rexdale-Kipling,RX,Rexdale,2014,51613.0,406,80646,18875.0
078,Kensington-Chinatown,SA,Sanderson,2014,268350.0,1254,264573,66100.0
091,Weston-Pellam Park,SI,St. Clair/Silverthorn,2014,31188.0,319,58719,14225.0
074,North St. James Town,SJ,St. James Town,2014,182788.0,1594,281753,65038.0
166,St Lawrence-East Bayfront-The Islands,SL,St. Lawrence,2014,110738.0,1275,219081,25688.0
095,Annex,SP,Spadina Road,2014,78683.0,638,161094,13242.0
116,Steeles,ST,Steeles,2014,145800.0,826,225130,27963.0
087,High Park-Swansea,SW,Swansea Memorial,2014,17575.0,81,44895,2488.0
059,Danforth Village - East York,SWS,S. Walter Stewart,2014,254470.0,1415,425361,137354.0
122,Birchcliffe-Cliffside,TA,Taylor Memorial,2014,36263.0,453,133291,14925.0
055,Thorncliffe Park,TH,Thorncliffe,2014,194913.0,1612,204845,89775.0
058,Old East York,TOD,Todmorden Room,2014,25938.0,197,56161,6225.0
098,Rosedale-Moore Park,TRL,Toronto Reference Library,2014,1247697.0,11308,386528,776844.0
043,Victoria Village,VV,Victoria Village,2014,37750.0,394,104944,14638.0
113,Weston,WE,Weston,2014,94875.0,809,137135,40363.0
022,Humbermede,WP,Woodview Park,2014,37725.0,495,79759,19200.0
129,Agincourt North,WS,Woodside Square,2014,439963.0,2149,457886,104775.0
096,Casa Loma,WY,Wychwood,2014,105900.0,943,208312,37747.0
095,Annex,YO,Yorkville,2014,177013.0,1011,324428,32850.0
025,Glenfield-Jane Heights,YW,York Woods,2014,225983.0,2874,290231,185228.0
002,Mount Olive-Silverstone-Jamestown,AB,Albion,2015,194587.0,4272,353764,142187.0
120,Clairlea-Birchmount,ACD,Albert Campbell,2015,277118.0,1448,380452,145984.0
020,Alderwood,AD,Alderwood,2015,101250.0,519,169022,16700.0
118,Tam O'Shanter-Sullivan,AG,Agincourt,2015,397421.0,2919,843672,158536.0
039,Bedford Park-Nortown,AH,Armour Heights,2015,67038.0,545,198247,11013.0
090,Junction Area,AN,Annette Street,2015,117375.0,915,221150,34038.0
030,Brookhaven-Amesbury,AP,Amesbury Park,2015,51313.0,709,120983,16300.0
150,Fenside-Parkwoods,BB,Brookbanks,2015,75938.0,753,179265,19700.0
154,Oakdale-Beverley Heights,BC,Black Creek,2015,89425.0,1109,109587,24413.0
157,Bendale South,BD,Bendale,2015,65550.0,707,147119,21100.0
063,The Beaches,BE,Beaches,2015,185450.0,1546,356357,48525.0
032,Englemount-Lawrence,BF,Barbara Frum,2015,264647.0,2119,583455,131127.0
083,Dufferin Grove,BL,Bloor/Gladstone,2015,362150.0,3111,446446,179859.0
015,Kingsway South,BR,Brentwood,2015,232857.0,1725,411129,84937.0
147,L'Amoreaux West,BRW,Bridlewood,2015,380100.0,1729,449199,41463.0
146,Malvern East,BUR,Burrows Hall,2015,99100.0,766,178652,28463.0
123,Cliffcrest,CC,Cliffcrest,2015,79300.0,659,173302,18638.0
035,Westminster-Branson,CE,Centennial,2015,118613.0,1756,291551,27188.0
141,Golfdale-Cedarbrae-Woburn,CED,Cedarbrae,2015,352780.0,3824,522254,243984.0
170,Yonge-Bay Corridor,CH,City Hall,2015,197250.0,1934,342516,29788.0
037,Willowdale West,CL,North York Central Library,2015,1538044.0,13064,1571479,477283.0
080,Palmerston-Little Italy,CS,College/Shaw,2015,123950.0,949,194055,21188.0
064,Woodbine Corridor,DA,Danforth/Coxwell,2015,158113.0,1080,296571,37125.0
042,Banbury-Don Mills,DM,Don Mills,2015,267097.0,2152,627900,86525.0
155,Downsview,DO,Downsview,2015,174447.0,1669,224968,109770.0
098,Rosedale-Moore Park,DP,Deer Park,2015,247425.0,1790,421451,60138.0
054,O'Connor-Parkview,DR,Dawes Road,2015,114925.0,1305,205651,43475.0
094,Wychwood,DT,Davenport,2015,39975.0,242,126743,6688.0
092,Corso Italia-Davenport,DU,Dufferin/St. Clair,2015,105000.0,814,151261,54700.0
158,Islington,EA,Eatonville,2015,226512.0,2693,517719,46633.0
011,Eringate-Centennial-West Deane,EB,Elmbrook Park,2015,45000.0,398,158219,6850.0
110,Keelesdale-Eglinton West,EG,Evelyn Gregory,2015,52900.0,524,81207,34325.0
052,Bayview Village,EN,Ethennonnhawahstihnen',2015,171555.0,1854,374989,19505.0
120,Clairlea-Birchmount,ES,Eglinton Square,2015,202550.0,1398,249279,37650.0
102,Forest Hill North,FH,Forest Hill,2015,101125.0,1004,198480,21600.0
165,Harbourfront-CityPlace,FO,Fort York,2015,180200.0,3732,219431,49513.0
044,Flemingdon Park,FP,Flemingdon Park,2015,191338.0,1058,148828,50388.0
047,Don Valley Village,FV,Fairview,2015,426072.0,5792,805825,232297.0
065,Greenwood-Coxwell,GE,Gerrard/Ashdale,2015,94525.0,511,183970,25863.0
130,Milliken,GHP,Goldhawk Park,2015,179312.0,777,264751,49572.0
140,Guildwood,GW,Guildwood,2015,45763.0,389,121419,12600.0
016,Stonegate-Queensway,HB,Humber Bay,2015,51825.0,552,172226,8725.0
134,Highland Creek,HC,Highland Creek,2015,69713.0,702,179144,21838.0
048,Hillcrest Village,HIL,Hillcrest,2015,108500.0,763,340458,31550.0
087,High Park-Swansea,HP,High Park,2015,185788.0,1200,327969,43475.0
021,Humber Summit,HS,Humber Summit,2015,46888.0,457,73816,27700.0
001,West Humber-Clairville,HW,Humberwood,2015,109813.0,510,82685,21575.0
089,Runnymede-Bloor West Village,JD,Jane/Dundas,2015,150800.0,1202,274077,64375.0
070,South Riverdale,JO,Jones,2015,75850.0,659,177360,25888.0
025,Glenfield-Jane Heights,JS,Jane/Sheppard,2015,103250.0,1065,120388,48325.0
125,Ionview,KE,Kennedy/Eglinton,2015,110675.0,1391,188001,37925.0
019,Long Branch,LB,Long Branch,2015,53775.0,663,142842,25550.0
056,Leaside-Bennington,LE,Leaside,2015,147050.0,1135,365509,25913.0
103,Lawrence Park South,LO,Locke,2015,169263.0,1526,336679,42075.0
078,Kensington-Chinatown,LS,Lillian H. Smith,2015,317780.0,3219,392895,176522.0
062,East End-Danforth,MA,Main Street,2015,116263.0,894,256372,35975.0
146,Malvern East,MAL,Malvern,2015,362833.0,2219,404133,170307.0
107,Oakwood-Vaughan,MAS,Maria A. Shchuka,2015,205793.0,1790,248394,135937.0
126,Dorset Park,MCG,McGregor Park,2015,125177.0,1287,217638,42142.0
115,Mount Dennis,MD,Mount Dennis,2015,80588.0,728,111864,55913.0
160,Mimico-Queensway,MI,Mimico Centennial,2015,94488.0,846,185421,21475.0
099,Mount Pleasant East,MP,Mount Pleasant,2015,62863.0,546,152476,6138.0
119,Wexford-Maryvale,MRV,Maryvale,2015,167575.0,1181,224525,32938.0
136,West Hill,MS,Morningside,2015,91163.0,1005,183685,42363.0
100,Yonge-Eglinton,ND,Northern District,2015,306319.0,2466,453583,112235.0
001,West Humber-Clairville,NE,Northern Elms,2015,35163.0,354,83841,11325.0
018,New Toronto,NT,New Toronto,2015,73324.0,517,129918,22853.0
107,Oakwood-Vaughan,OV,Oakwood Village Library and Arts Centre,2015,72713.0,509,132719,37863.0
069,Blake-Jones,PA,Pape/Danforth,2015,229683.0,1449,425823,75404.0
171,Junction-Wallace Emerson,PE,Perth/Dupont,2015,34938.0,245,91381,8113.0
085,South Parkdale,PK,Parkdale,2015,430586.0,1960,385299,127130.0
073,Moss Park,PL,Parliament Street,2015,245031.0,1564,240075,68269.0
095,Annex,PM,Palmerston,2015,93588.0,813,215454,18800.0
133,Centennial Scarborough,PU,Port Union,2015,107850.0,843,227324,16450.0
046,Pleasant View,PV,Pleasant View,2015,74638.0,482,211842,22488.0
070,South Riverdale,QS,Queen/Saulter,2015,58850.0,437,122194,11100.0
068,North Riverdale,RD,Riverdale,2015,198713.0,881,281348,73775.0
007,Willowridge-Martingrove-Richview,RI,Richview,2015,422923.0,2841,623078,113426.0
088,High Park North,RN,Runnymede,2015,473488.0,1833,462269,65663.0
004,Rexdale-Kipling,RX,Rexdale,2015,53825.0,400,82560,20063.0
078,Kensington-Chinatown,SA,Sanderson,2015,250775.0,1073,235400,67425.0
156,Bendale -Glen Andrew,SC,Scarborough Civic Centre,2015,83038.0,2242,149189,27325.0
091,Weston-Pellam Park,SI,St. Clair/Silverthorn,2015,29788.0,284,58560,13925.0
074,North St. James Town,SJ,St. James Town,2015,177063.0,1427,258692,57375.0
166,St Lawrence-East Bayfront-The Islands,SL,St. Lawrence,2015,103806.0,1278,192194,22051.0
095,Annex,SP,Spadina Road,2015,88788.0,737,180851,14813.0
116,Steeles,ST,Steeles,2015,161988.0,1052,267333,34800.0
087,High Park-Swansea,SW,Swansea Memorial,2015,17988.0,85,46684,2600.0
059,Danforth Village - East York,SWS,S. Walter Stewart,2015,244873.0,1239,415562,138960.0
122,Birchcliffe-Cliffside,TA,Taylor Memorial,2015,41388.0,421,127191,18588.0
055,Thorncliffe Park,TH,Thorncliffe,2015,189550.0,1507,192845,79150.0
058,Old East York,TOD,Todmorden Room,2015,28400.0,170,59787,5438.0
098,Rosedale-Moore Park,TRL,Toronto Reference Library,2015,1310779.0,11617,412943,901258.0
043,Victoria Village,VV,Victoria Village,2015,32275.0,465,106014,12950.0
113,Weston,WE,Weston,2015,89225.0,979,135560,46263.0
022,Humbermede,WP,Woodview Park,2015,41450.0,426,77281,21425.0
129,Agincourt North,WS,Woodside Square,2015,405225.0,2005,412778,106963.0
096,Casa Loma,WY,Wychwood,2015,116525.0,1032,235971,37263.0
095,Annex,YO,Yorkville,2015,157850.0,1012,319571,32313.0
025,Glenfield-Jane Heights,YW,York Woods,2015,220492.0,2452,246340,193860.0
002,Mount Olive-Silverstone-Jamestown,AB,Albion,2016,208251.0,4474,300607,140606.0
120,Clairlea-Birchmount,ACD,Albert Campbell,2016,310244.0,1592,360510,149712.0
020,Alderwood,AD,Alderwood,2016,99865.0,526,164877,16338.0
118,Tam O'Shanter-Sullivan,AG,Agincourt,2016,313157.0,2318,712014,103406.0
039,Bedford Park-Nortown,AH,Armour Heights,2016,67355.0,567,193515,10988.0
090,Junction Area,AN,Annette Street,2016,114135.0,1058,223409,29238.0
030,Brookhaven-Amesbury,AP,Amesbury Park,2016,56483.0,796,106771,16563.0
150,Fenside-Parkwoods,BB,Brookbanks,2016,71442.0,770,166907,19713.0
154,Oakdale-Beverley Heights,BC,Black Creek,2016,107969.0,1082,103621,21763.0
157,Bendale South,BD,Bendale,2016,57910.0,686,141482,18088.0
063,The Beaches,BE,Beaches,2016,187288.0,1634,332412,45825.0
032,Englemount-Lawrence,BF,Barbara Frum,2016,234632.0,2022,546283,121863.0
083,Dufferin Grove,BL,Bloor/Gladstone,2016,364124.0,3076,410988,168193.0
015,Kingsway South,BR,Brentwood,2016,248601.0,1950,420952,84596.0
147,L'Amoreaux West,BRW,Bridlewood,2016,423004.0,1965,420243,40138.0
146,Malvern East,BUR,Burrows Hall,2016,92664.0,802,155738,24950.0
123,Cliffcrest,CC,Cliffcrest,2016,69148.0,789,164321,19413.0
035,Westminster-Branson,CE,Centennial,2016,124345.0,1614,276142,28213.0
141,Golfdale-Cedarbrae-Woburn,CED,Cedarbrae,2016,363118.0,3861,485383,249984.0
170,Yonge-Bay Corridor,CH,City Hall,2016,198786.0,2655,337178,30938.0
037,Willowdale West,CL,North York Central Library,2016,1347718.0,12204,1322318,433079.0
080,Palmerston-Little Italy,CS,College/Shaw,2016,103681.0,1037,190775,21813.0
064,Woodbine Corridor,DA,Danforth/Coxwell,2016,173523.0,1078,302772,37150.0
042,Banbury-Don Mills,DM,Don Mills,2016,258252.0,2062,619014,88066.0
155,Downsview,DO,Downsview,2016,206115.0,1549,210675,113701.0
098,Rosedale-Moore Park,DP,Deer Park,2016,281764.0,1798,413421,59513.0
054,O'Connor-Parkview,DR,Dawes Road,2016,100748.0,1269,197789,46688.0
094,Wychwood,DT,Davenport,2016,35844.0,280,125999,6113.0
092,Corso Italia-Davenport,DU,Dufferin/St. Clair,2016,104307.0,834,145940,51225.0
158,Islington,EA,Eatonville,2016,239521.0,2849,508926,45770.0
011,Eringate-Centennial-West Deane,EB,Elmbrook Park,2016,47231.0,411,149823,7325.0
110,Keelesdale-Eglinton West,EG,Evelyn Gregory,2016,47549.0,548,79388,30325.0
052,Bayview Village,EN,Ethennonnhawahstihnen',2016,175117.0,1924,413869,23800.0
120,Clairlea-Birchmount,ES,Eglinton Square,2016,106859.0,719,127466,18675.0
102,Forest Hill North,FH,Forest Hill,2016,108116.0,866,200010,20350.0
165,Harbourfront-CityPlace,FO,Fort York,2016,179705.0,3485,222008,48088.0
044,Flemingdon Park,FP,Flemingdon Park,2016,176366.0,1065,140186,49910.0
047,Don Valley Village,FV,Fairview,2016,518674.0,5805,751914,224402.0
065,Greenwood-Coxwell,GE,Gerrard/Ashdale,2016,98279.0,634,187874,23825.0
130,Milliken,GHP,Goldhawk Park,2016,178752.0,818,249112,45802.0
140,Guildwood,GW,Guildwood,2016,59634.0,357,119074,12000.0
016,Stonegate-Queensway,HB,Humber Bay,2016,45753.0,691,174152,8825.0
134,Highland Creek,HC,Highland Creek,2016,63785.0,645,165053,19238.0
048,Hillcrest Village,HIL,Hillcrest,2016,119386.0,777,316962,29013.0
087,High Park-Swansea,HP,High Park,2016,204908.0,1275,332131,39725.0
021,Humber Summit,HS,Humber Summit,2016,58365.0,449,69845,21488.0
001,West Humber-Clairville,HW,Humberwood,2016,138709.0,611,71346,18000.0
089,Runnymede-Bloor West Village,JD,Jane/Dundas,2016,158532.0,1211,278761,64400.0
070,South Riverdale,JO,Jones,2016,82480.0,793,181351,23288.0
025,Glenfield-Jane Heights,JS,Jane/Sheppard,2016,94976.0,1042,104672,47725.0
125,Ionview,KE,Kennedy/Eglinton,2016,87203.0,1337,172424,36150.0
019,Long Branch,LB,Long Branch,2016,57181.0,763,143304,24788.0
056,Leaside-Bennington,LE,Leaside,2016,157136.0,1185,366723,24488.0
103,Lawrence Park South,LO,Locke,2016,188439.0,1503,339256,47125.0
078,Kensington-Chinatown,LS,Lillian H. Smith,2016,331193.0,3222,387051,165859.0
062,East End-Danforth,MA,Main Street,2016,113091.0,960,263340,35813.0
146,Malvern East,MAL,Malvern,2016,348081.0,2404,374677,167069.0
107,Oakwood-Vaughan,MAS,Maria A. Shchuka,2016,231078.0,1818,230554,142462.0
126,Dorset Park,MCG,McGregor Park,2016,134570.0,1259,196526,37741.0
115,Mount Dennis,MD,Mount Dennis,2016,84210.0,804,106395,55175.0
160,Mimico-Queensway,MI,Mimico Centennial,2016,99232.0,898,187470,23175.0
099,Mount Pleasant East,MP,Mount Pleasant,2016,66950.0,656,161406,6250.0
119,Wexford-Maryvale,MRV,Maryvale,2016,203955.0,1266,207891,34313.0
136,West Hill,MS,Morningside,2016,101804.0,1168,177218,41988.0
100,Yonge-Eglinton,ND,Northern District,2016,364658.0,3050,458418,117080.0
001,West Humber-Clairville,NE,Northern Elms,2016,33536.0,386,80537,11488.0
018,New Toronto,NT,New Toronto,2016,59758.0,624,131787,22585.0
107,Oakwood-Vaughan,OV,Oakwood Village Library and Arts Centre,2016,85169.0,571,123968,37238.0
069,Blake-Jones,PA,Pape/Danforth,2016,236930.0,1723,419428,74158.0
171,Junction-Wallace Emerson,PE,Perth/Dupont,2016,46514.0,290,94035,7863.0
085,South Parkdale,PK,Parkdale,2016,352888.0,1909,382060,125610.0
073,Moss Park,PL,Parliament Street,2016,238566.0,1540,226487,69344.0
095,Annex,PM,Palmerston,2016,107896.0,833,218096,19938.0
133,Centennial Scarborough,PU,Port Union,2016,98121.0,737,222051,16613.0
046,Pleasant View,PV,Pleasant View,2016,78629.0,561,209857,22363.0
070,South Riverdale,QS,Queen/Saulter,2016,66399.0,498,121496,11850.0
068,North Riverdale,RD,Riverdale,2016,195261.0,976,265073,70700.0
007,Willowridge-Martingrove-Richview,RI,Richview,2016,296948.0,2872,635613,107685.0
088,High Park North,RN,Runnymede,2016,287359.0,1867,465511,63363.0
004,Rexdale-Kipling,RX,Rexdale,2016,51075.0,462,76880,19550.0
078,Kensington-Chinatown,SA,Sanderson,2016,234299.0,1169,212780,62700.0
156,Bendale -Glen Andrew,SC,Scarborough Civic Centre,2016,175181.0,2173,179190,52375.0
091,Weston-Pellam Park,SI,St. Clair/Silverthorn,2016,30566.0,306,57530,13838.0
074,North St. James Town,SJ,St. James Town,2016,174275.0,1588,253579,56575.0
166,St Lawrence-East Bayfront-The Islands,SL,St. Lawrence,2016,115189.0,1415,221478,23779.0
095,Annex,SP,Spadina Road,2016,86768.0,720,187784,13988.0
116,Steeles,ST,Steeles,2016,168942.0,1004,256926,34700.0
087,High Park-Swansea,SW,Swansea Memorial,2016,20580.0,92,43082,2125.0
059,Danforth Village - East York,SWS,S. Walter Stewart,2016,251375.0,1269,406483,114635.0
122,Birchcliffe-Cliffside,TA,Taylor Memorial,2016,40691.0,401,115914,14738.0
055,Thorncliffe Park,TH,Thorncliffe,2016,215864.0,1627,178515,76875.0
058,Old East York,TOD,Todmorden Room,2016,25246.0,190,53254,4263.0
098,Rosedale-Moore Park,TRL,Toronto Reference Library,2016,1462894.0,13403,420859,917498.0
043,Victoria Village,VV,Victoria Village,2016,42402.0,541,107811,12638.0
113,Weston,WE,Weston,2016,99950.0,1027,135040,41188.0
022,Humbermede,WP,Woodview Park,2016,54098.0,480,69884,24763.0
129,Agincourt North,WS,Woodside Square,2016,441229.0,2000,387621,101650.0
096,Casa Loma,WY,Wychwood,2016,143043.0,1164,242999,36875.0
095,Annex,YO,Yorkville,2016,148942.0,1003,302099,29425.0
025,Glenfield-Jane Heights,YW,York Woods,2016,209768.0,2379,222393,172467.0
002,Mount Olive-Silverstone-Jamestown,AB,Albion,2017,260950.0,6889,309631,137999.0
120,Clairlea-Birchmount,ACD,Albert Campbell,2017,356374.0,1625,338066,150308.0
020,Alderwood,AD,Alderwood,2017,97083.0,545,158583,15213.0
118,Tam O'Shanter-Sullivan,AG,Agincourt,2017,326233.0,2538,621226,134675.0
039,Bedford Park-Nortown,AH,Armour Heights,2017,73163.0,645,202628,11225.0
090,Junction Area,AN,Annette Street,2017,126645.0,1234,250427,37370.0
030,Brookhaven-Amesbury,AP,Amesbury Park,2017,25865.0,485,55198,7439.0
150,Fenside-Parkwoods,BB,Brookbanks,2017,73732.0,792,161391,16113.0
154,Oakdale-Beverley Heights,BC,Black Creek,2017,102627.0,1210,97368,19913.0
157,Bendale South,BD,Bendale,2017,50632.0,709,123592,18675.0
063,The Beaches,BE,Beaches,2017,213974.0,1533,314024,40875.0
032,Englemount-Lawrence,BF,Barbara Frum,2017,248990.0,2256,527513,132868.0
083,Dufferin Grove,BL,Bloor/Gladstone,2017,360508.0,3267,388365,171813.0
015,Kingsway South,BR,Brentwood,2017,267983.0,2237,433080,86113.0
147,L'Amoreaux West,BRW,Bridlewood,2017,429296.0,2045,385501,43341.0
146,Malvern East,BUR,Burrows Hall,2017,84899.0,735,141431,20938.0
123,Cliffcrest,CC,Cliffcrest,2017,65757.0,725,142382,16188.0
035,Westminster-Branson,CE,Centennial,2017,177412.0,2092,307111,35950.0
141,Golfdale-Cedarbrae-Woburn,CED,Cedarbrae,2017,384227.0,3831,430830,197151.0
170,Yonge-Bay Corridor,CH,City Hall,2017,195475.0,2504,299464,33700.0
037,Willowdale West,CL,North York Central Library,2017,342972.0,4960,597896,0.0
080,Palmerston-Little Italy,CS,College/Shaw,2017,103458.0,1115,189415,20363.0
064,Woodbine Corridor,DA,Danforth/Coxwell,2017,175012.0,1174,277410,36600.0
042,Banbury-Don Mills,DM,Don Mills,2017,257738.0,1909,565703,90243.0
155,Downsview,DO,Downsview,2017,230231.0,1927,201514,99707.0
098,Rosedale-Moore Park,DP,Deer Park,2017,281482.0,1850,395781,54350.0
054,O'Connor-Parkview,DR,Dawes Road,2017,96392.0,1334,186973,45450.0
094,Wychwood,DT,Davenport,2017,34954.0,316,119636,6100.0
092,Corso Italia-Davenport,DU,Dufferin/St. Clair,2017,103822.0,808,149156,49488.0
158,Islington,EA,Eatonville,2017,238477.0,2754,501624,43683.0
011,Eringate-Centennial-West Deane,EB,Elmbrook Park,2017,48985.0,410,128037,7175.0
110,Keelesdale-Eglinton West,EG,Evelyn Gregory,2017,48477.0,573,67336,25888.0
052,Bayview Village,EN,Ethennonnhawahstihnen',2017,226109.0,2628,455110,29604.0
120,Clairlea-Birchmount,ES,Eglinton Square,2017,131313.0,1366,123786,24088.0
102,Forest Hill North,FH,Forest Hill,2017,117222.0,951,189387,21500.0
165,Harbourfront-CityPlace,FO,Fort York,2017,169371.0,3661,221413,47162.0
044,Flemingdon Park,FP,Flemingdon Park,2017,156265.0,991,114744,39266.0
047,Don Valley Village,FV,Fairview,2017,566666.0,6056,728426,215656.0
065,Greenwood-Coxwell,GE,Gerrard/Ashdale,2017,104259.0,735,177571,24038.0
130,Milliken,GHP,Goldhawk Park,2017,175028.0,856,226852,39670.0
140,Guildwood,GW,Guildwood,2017,62890.0,348,114626,11088.0
016,Stonegate-Queensway,HB,Humber Bay,2017,46188.0,655,167341,8038.0
134,Highland Creek,HC,Highland Creek,2017,60785.0,757,155735,19175.0
048,Hillcrest Village,HIL,Hillcrest,2017,116053.0,938,309418,27575.0
087,High Park-Swansea,HP,High Park,2017,203854.0,1285,317578,41913.0
021,Humber Summit,HS,Humber Summit,2017,24575.0,289,36120,7225.0
001,West Humber-Clairville,HW,Humberwood,2017,120153.0,565,62989,16050.0
089,Runnymede-Bloor West Village,JD,Jane/Dundas,2017,163511.0,1359,295469,63875.0
070,South Riverdale,JO,Jones,2017,81100.0,674,167736,21488.0
025,Glenfield-Jane Heights,JS,Jane/Sheppard,2017,87221.0,1121,85026,39475.0
125,Ionview,KE,Kennedy/Eglinton,2017,92895.0,1547,155073,39175.0
019,Long Branch,LB,Long Branch,2017,50700.0,579,128538,19427.0
056,Leaside-Bennington,LE,Leaside,2017,157550.0,1274,348572,25313.0
103,Lawrence Park South,LO,Locke,2017,215365.0,1849,352148,46140.0
078,Kensington-Chinatown,LS,Lillian H. Smith,2017,319555.0,3198,352547,111803.0
062,East End-Danforth,MA,Main Street,2017,120433.0,999,248530,32700.0
146,Malvern East,MAL,Malvern,2017,331665.0,2516,334069,158550.0
107,Oakwood-Vaughan,MAS,Maria A. Shchuka,2017,234462.0,1599,211188,121564.0
126,Dorset Park,MCG,McGregor Park,2017,127230.0,1368,176865,36807.0
115,Mount Dennis,MD,Mount Dennis,2017,88386.0,821,108609,53466.0
160,Mimico-Queensway,MI,Mimico Centennial,2017,92721.0,954,178966,24663.0
099,Mount Pleasant East,MP,Mount Pleasant,2017,59793.0,589,155354,5738.0
119,Wexford-Maryvale,MRV,Maryvale,2017,157983.0,1158,187741,33900.0
136,West Hill,MS,Morningside,2017,100674.0,1059,161130,39488.0
100,Yonge-Eglinton,ND,Northern District,2017,391543.0,3384,456927,120673.0
001,West Humber-Clairville,NE,Northern Elms,2017,34143.0,457,76862,10788.0
018,New Toronto,NT,New Toronto,2017,59211.0,597,125383,23478.0
107,Oakwood-Vaughan,OV,Oakwood Village Library and Arts Centre,2017,94240.0,613,117577,33188.0
069,Blake-Jones,PA,Pape/Danforth,2017,233308.0,1645,386965,59407.0
171,Junction-Wallace Emerson,PE,Perth/Dupont,2017,53451.0,376,92619,8425.0
085,South Parkdale,PK,Parkdale,2017,337974.0,2129,357701,122844.0
073,Moss Park,PL,Parliament Street,2017,227666.0,1680,203705,66423.0
095,Annex,PM,Palmerston,2017,112115.0,816,194152,23100.0
133,Centennial Scarborough,PU,Port Union,2017,86237.0,849,203226,12475.0
046,Pleasant View,PV,Pleasant View,2017,79549.0,569,190453,17593.0
070,South Riverdale,QS,Queen/Saulter,2017,71094.0,566,113269,10863.0
068,North Riverdale,RD,Riverdale,2017,194268.0,914,238778,71813.0
007,Willowridge-Martingrove-Richview,RI,Richview,2017,252083.0,2833,539487,82853.0
088,High Park North,RN,Runnymede,2017,151817.0,1296,281048,38557.0
004,Rexdale-Kipling,RX,Rexdale,2017,50646.0,427,79110,17963.0
078,Kensington-Chinatown,SA,Sanderson,2017,228745.0,1247,193422,66513.0
156,Bendale -Glen Andrew,SC,Scarborough Civic Centre,2017,193914.0,2449,179314,63474.0
091,Weston-Pellam Park,SI,St. Clair/Silverthorn,2017,24915.0,287,50583,9487.0
074,North St. James Town,SJ,St. James Town,2017,169242.0,1659,223251,58200.0
166,St Lawrence-East Bayfront-The Islands,SL,St. Lawrence,2017,118778.0,1769,215415,23888.0
095,Annex,SP,Spadina Road,2017,85114.0,743,176028,13775.0
116,Steeles,ST,Steeles,2017,156659.0,897,238620,31163.0
087,High Park-Swansea,SW,Swansea Memorial,2017,38627.0,203,68141,5525.0
059,Danforth Village - East York,SWS,S. Walter Stewart,2017,262097.0,1339,407819,119109.0
122,Birchcliffe-Cliffside,TA,Taylor Memorial,2017,35466.0,343,94731,13329.0
055,Thorncliffe Park,TH,Thorncliffe,2017,197227.0,1599,168175,71175.0
058,Old East York,TOD,Todmorden Room,2017,28939.0,209,51952,4375.0
098,Rosedale-Moore Park,TRL,Toronto Reference Library,2017,1604864.0,13511,404937,867212.0
043,Victoria Village,VV,Victoria Village,2017,43446.0,471,99426,12050.0
113,Weston,WE,Weston,2017,92943.0,1067,128443,37813.0
022,Humbermede,WP,Woodview Park,2017,58297.0,506,67938,23938.0
129,Agincourt North,WS,Woodside Square,2017,402862.0,2046,340490,97263.0
096,Casa Loma,WY,Wychwood,2017,133540.0,1101,232975,36463.0
095,Annex,YO,Yorkville,2017,152520.0,1215,286724,29238.0
025,Glenfield-Jane Heights,YW,York Woods,2017,200531.0,2952,199765,157821.0
002,Mount Olive-Silverstone-Jamestown,AB,Albion,2018,327977.0,7788,328536,111939.0
120,Clairlea-Birchmount,ACD,Albert Campbell,2018,340522.0,1789,303855,82784.0
020,Alderwood,AD,Alderwood,2018,100886.0,733,155864,12162.0
118,Tam O'Shanter-Sullivan,AG,Agincourt,2018,368837.0,3658,623148,112149.0
039,Bedford Park-Nortown,AH,Armour Heights,2018,73829.0,859,214013,9753.0
090,Junction Area,AN,Annette Street,2018,102239.0,1349,201476,21239.0
030,Brookhaven-Amesbury,AP,Amesbury Park,2018,51242.0,1045,85101,13010.0
150,Fenside-Parkwoods,BB,Brookbanks,2018,73308.0,1233,156836,16333.0
154,Oakdale-Beverley Heights,BC,Black Creek,2018,98278.0,1688,86179,24989.0
157,Bendale South,BD,Bendale,2018,51489.0,1055,122497,14323.0
063,The Beaches,BE,Beaches,2018,207052.0,1810,289818,31292.0
032,Englemount-Lawrence,BF,Barbara Frum,2018,246900.0,2884,503402,76409.0
083,Dufferin Grove,BL,Bloor/Gladstone,2018,369395.0,3787,369252,128177.0
015,Kingsway South,BR,Brentwood,2018,257933.0,2483,418716,57702.0
147,L'Amoreaux West,BRW,Bridlewood,2018,434621.0,2908,419149,51202.0
146,Malvern East,BUR,Burrows Hall,2018,81913.0,1056,123742,16232.0
123,Cliffcrest,CC,Cliffcrest,2018,65876.0,963,137460,14475.0
035,Westminster-Branson,CE,Centennial,2018,157112.0,2296,297665,26974.0
141,Golfdale-Cedarbrae-Woburn,CED,Cedarbrae,2018,355089.0,4913,394326,133544.0
170,Yonge-Bay Corridor,CH,City Hall,2018,197005.0,3182,273173,50205.0
037,Willowdale West,CL,North York Central Library,2018,830485.0,12469,764881,121507.0
080,Palmerston-Little Italy,CS,College/Shaw,2018,101932.0,1203,182356,21914.0
064,Woodbine Corridor,DA,Danforth/Coxwell,2018,169976.0,1314,269855,40326.0
042,Banbury-Don Mills,DM,Don Mills,2018,253090.0,2310,545675,61911.0
155,Downsview,DO,Downsview,2018,231580.0,2468,185960,72517.0
098,Rosedale-Moore Park,DP,Deer Park,2018,289666.0,2462,401466,65983.0
054,O'Connor-Parkview,DR,Dawes Road,2018,89637.0,1381,162061,30300.0
094,Wychwood,DT,Davenport,2018,37506.0,452,131944,4008.0
092,Corso Italia-Davenport,DU,Dufferin/St. Clair,2018,111761.0,1420,169416,42709.0
158,Islington,EA,Eatonville,2018,232419.0,3085,463951,41801.0
011,Eringate-Centennial-West Deane,EB,Elmbrook Park,2018,45807.0,476,125978,5700.0
110,Keelesdale-Eglinton West,EG,Evelyn Gregory,2018,46693.0,605,62447,13481.0
052,Bayview Village,EN,Ethennonnhawahstihnen',2018,202545.0,2812,429168,26289.0
120,Clairlea-Birchmount,ES,Eglinton Square,2018,251189.0,2646,204647,55733.0
102,Forest Hill North,FH,Forest Hill,2018,113245.0,1093,181125,14583.0
165,Harbourfront-CityPlace,FO,Fort York,2018,190668.0,4097,227453,37264.0
044,Flemingdon Park,FP,Flemingdon Park,2018,139776.0,1132,103736,29894.0
047,Don Valley Village,FV,Fairview,2018,546827.0,8251,683924,130320.0
065,Greenwood-Coxwell,GE,Gerrard/Ashdale,2018,99576.0,774,171810,16717.0
130,Milliken,GHP,Goldhawk Park,2018,164412.0,942,202870,30554.0
140,Guildwood,GW,Guildwood,2018,57017.0,477,97265,9772.0
016,Stonegate-Queensway,HB,Humber Bay,2018,44973.0,783,156811,6015.0
134,Highland Creek,HC,Highland Creek,2018,57664.0,1016,145360,16657.0
048,Hillcrest Village,HIL,Hillcrest,2018,116494.0,1057,298415,16987.0
087,High Park-Swansea,HP,High Park,2018,200533.0,1525,302244,32396.0
021,Humber Summit,HS,Humber Summit,2018,35770.0,790,53901,10281.0
001,West Humber-Clairville,HW,Humberwood,2018,101360.0,680,55565,10942.0
089,Runnymede-Bloor West Village,JD,Jane/Dundas,2018,154666.0,1672,269642,43864.0
070,South Riverdale,JO,Jones,2018,78623.0,907,160471,18622.0
025,Glenfield-Jane Heights,JS,Jane/Sheppard,2018,83508.0,1270,81754,23749.0
125,Ionview,KE,Kennedy/Eglinton,2018,81014.0,1492,130416,29139.0
019,Long Branch,LB,Long Branch,2018,53829.0,908,130359,14458.0
056,Leaside-Bennington,LE,Leaside,2018,162265.0,1511,344926,20752.0
103,Lawrence Park South,LO,Locke,2018,206804.0,2111,349360,40048.0
078,Kensington-Chinatown,LS,Lillian H. Smith,2018,327094.0,3555,322224,108743.0
062,East End-Danforth,MA,Main Street,2018,122506.0,1195,242978,26001.0
146,Malvern East,MAL,Malvern,2018,294944.0,3394,312335,83951.0
107,Oakwood-Vaughan,MAS,Maria A. Shchuka,2018,216570.0,1873,201845,81688.0
126,Dorset Park,MCG,McGregor Park,2018,122591.0,1542,158704,30641.0
115,Mount Dennis,MD,Mount Dennis,2018,80819.0,912,104754,36451.0
160,Mimico-Queensway,MI,Mimico Centennial,2018,91352.0,1056,172926,15725.0
099,Mount Pleasant East,MP,Mount Pleasant,2018,62333.0,837,153772,6809.0
119,Wexford-Maryvale,MRV,Maryvale,2018,137412.0,1538,162654,34992.0
136,West Hill,MS,Morningside,2018,102939.0,1573,152677,30116.0
100,Yonge-Eglinton,ND,Northern District,2018,373362.0,4164,432317,104897.0
001,West Humber-Clairville,NE,Northern Elms,2018,33315.0,512,66929,13858.0
018,New Toronto,NT,New Toronto,2018,55870.0,633,128546,15193.0
107,Oakwood-Vaughan,OV,Oakwood Village Library and Arts Centre,2018,98891.0,734,133088,21743.0
069,Blake-Jones,PA,Pape/Danforth,2018,230567.0,2249,374726,60571.0
171,Junction-Wallace Emerson,PE,Perth/Dupont,2018,55219.0,574,94768,5775.0
085,South Parkdale,PK,Parkdale,2018,333245.0,2802,324230,103625.0
073,Moss Park,PL,Parliament Street,2018,225922.0,2071,191193,62072.0
095,Annex,PM,Palmerston,2018,103023.0,1020,189682,23629.0
133,Centennial Scarborough,PU,Port Union,2018,84874.0,1144,202041,10086.0
046,Pleasant View,PV,Pleasant View,2018,66616.0,666,157096,13400.0
070,South Riverdale,QS,Queen/Saulter,2018,68578.0,612,111106,13869.0
068,North Riverdale,RD,Riverdale,2018,180916.0,1322,223472,45729.0
007,Willowridge-Martingrove-Richview,RI,Richview,2018,275100.0,3638,540718,71177.0
088,High Park North,RN,Runnymede,2018,284820.0,2512,421173,68987.0
004,Rexdale-Kipling,RX,Rexdale,2018,40274.0,466,66414,11519.0
078,Kensington-Chinatown,SA,Sanderson,2018,223279.0,2048,178416,52512.0
156,Bendale -Glen Andrew,SC,Scarborough Civic Centre,2018,191703.0,2686,172722,45256.0
074,North St. James Town,SJ,St. James Town,2018,157596.0,2137,221964,51621.0
166,St Lawrence-East Bayfront-The Islands,SL,St. Lawrence,2018,117556.0,2140,216375,24264.0
095,Annex,SP,Spadina Road,2018,85974.0,925,173509,15469.0
116,Steeles,ST,Steeles,2018,55838.0,898,114108,14624.0
087,High Park-Swansea,SW,Swansea Memorial,2018,20826.0,124,40102,1443.0
059,Danforth Village - East York,SWS,S. Walter Stewart,2018,259975.0,1760,399144,64722.0
122,Birchcliffe-Cliffside,TA,Taylor Memorial,2018,34784.0,497,104908,8594.0
055,Thorncliffe Park,TH,Thorncliffe,2018,194581.0,1753,152062,50333.0
058,Old East York,TOD,Todmorden Room,2018,28888.0,204,47739,3450.0
098,Rosedale-Moore Park,TRL,Toronto Reference Library,2018,1594315.0,14975,394068,428446.0
043,Victoria Village,VV,Victoria Village,2018,42043.0,630,87550,9463.0
113,Weston,WE,Weston,2018,91230.0,1279,116159,26060.0
022,Humbermede,WP,Woodview Park,2018,58068.0,573,71530,13555.0
129,Agincourt North,WS,Woodside Square,2018,373195.0,2387,312597,75752.0
096,Casa Loma,WY,Wychwood,2018,62229.0,579,115280,16140.0
095,Annex,YO,Yorkville,2018,137585.0,1296,255993,22390.0
025,Glenfield-Jane Heights,YW,York Woods,2018,170623.0,3361,181002,93349.0
002,Mount Olive-Silverstone-Jamestown,AB,Albion,2019,337559.0,7314,300374,105936.0
120,Clairlea-Birchmount,ACD,Albert Campbell,2019,229609.0,1352,219561,54592.0
020,Alderwood,AD,Alderwood,2019,100412.0,712,147747,10518.0
118,Tam O'Shanter-Sullivan,AG,Agincourt,2019,356784.0,3404,562590,110006.0
039,Bedford Park-Nortown,AH,Armour Heights,2019,72816.0,842,213427,9414.0
090,Junction Area,AN,Annette Street,2019,97246.0,1274,201398,20898.0
030,Brookhaven-Amesbury,AP,Amesbury Park,2019,56893.0,1000,86154,13549.0
150,Fenside-Parkwoods,BB,Brookbanks,2019,77106.0,1597,151891,16706.0
154,Oakdale-Beverley Heights,BC,Black Creek,2019,107777.0,2389,79871,25777.0
157,Bendale South,BD,Bendale,2019,48541.0,909,114383,13281.0
063,The Beaches,BE,Beaches,2019,198067.0,1887,287323,26353.0
032,Englemount-Lawrence,BF,Barbara Frum,2019,235589.0,3112,482673,66397.0
083,Dufferin Grove,BL,Bloor/Gladstone,2019,363692.0,4130,372794,119884.0
015,Kingsway South,BR,Brentwood,2019,205226.0,2858,409868,51475.0
147,L'Amoreaux West,BRW,Bridlewood,2019,404356.0,2625,346131,47541.0
146,Malvern East,BUR,Burrows Hall,2019,85122.0,1130,123257,17393.0
123,Cliffcrest,CC,Cliffcrest,2019,67906.0,1074,155449,14182.0
035,Westminster-Branson,CE,Centennial,2019,134067.0,2120,270126,21971.0
141,Golfdale-Cedarbrae-Woburn,CED,Cedarbrae,2019,355086.0,4849,374943,124808.0
170,Yonge-Bay Corridor,CH,City Hall,2019,202935.0,3798,270410,47505.0
037,Willowdale West,CL,North York Central Library,2019,1398539.0,14523,995148,227153.0
080,Palmerston-Little Italy,CS,College/Shaw,2019,103210.0,1462,189401,21432.0
064,Woodbine Corridor,DA,Danforth/Coxwell,2019,166953.0,1555,273555,36170.0
042,Banbury-Don Mills,DM,Don Mills,2019,212850.0,2137,472171,46052.0
155,Downsview,DO,Downsview,2019,139493.0,1796,122726,43740.0
098,Rosedale-Moore Park,DP,Deer Park,2019,280295.0,2334,415115,61486.0
054,O'Connor-Parkview,DR,Dawes Road,2019,88804.0,1282,151755,29528.0
094,Wychwood,DT,Davenport,2019,36185.0,560,138693,4311.0
092,Corso Italia-Davenport,DU,Dufferin/St. Clair,2019,109667.0,1442,169397,40379.0
158,Islington,EA,Eatonville,2019,225560.0,3621,441050,38638.0
011,Eringate-Centennial-West Deane,EB,Elmbrook Park,2019,45225.0,512,120847,5383.0
110,Keelesdale-Eglinton West,EG,Evelyn Gregory,2019,43655.0,731,64150,12828.0
052,Bayview Village,EN,Ethennonnhawahstihnen',2019,171685.0,2582,397779,20341.0
120,Clairlea-Birchmount,ES,Eglinton Square,2019,261247.0,2799,202898,55205.0
102,Forest Hill North,FH,Forest Hill,2019,107435.0,1091,172300,17319.0
165,Harbourfront-CityPlace,FO,Fort York,2019,196094.0,4769,230898,38890.0
044,Flemingdon Park,FP,Flemingdon Park,2019,157505.0,1204,98375,29562.0
047,Don Valley Village,FV,Fairview,2019,514987.0,7751,638738,132363.0
065,Greenwood-Coxwell,GE,Gerrard/Ashdale,2019,100212.0,832,167483,16283.0
130,Milliken,GHP,Goldhawk Park,2019,153844.0,851,194589,28864.0
140,Guildwood,GW,Guildwood,2019,26595.0,342,47291,3327.0
016,Stonegate-Queensway,HB,Humber Bay,2019,47611.0,926,160861,6809.0
134,Highland Creek,HC,Highland Creek,2019,56329.0,1116,135525,15568.0
048,Hillcrest Village,HIL,Hillcrest,2019,110800.0,980,281722,15515.0
087,High Park-Swansea,HP,High Park,2019,217479.0,1874,338769,33287.0
021,Humber Summit,HS,Humber Summit,2019,40175.0,685,51847,11207.0
001,West Humber-Clairville,HW,Humberwood,2019,94909.0,669,50965,10952.0
089,Runnymede-Bloor West Village,JD,Jane/Dundas,2019,158197.0,1755,267037,41567.0
070,South Riverdale,JO,Jones,2019,75303.0,896,154766,14749.0
025,Glenfield-Jane Heights,JS,Jane/Sheppard,2019,89668.0,1781,93852,25099.0
125,Ionview,KE,Kennedy/Eglinton,2019,75312.0,1568,122499,27027.0
019,Long Branch,LB,Long Branch,2019,55632.0,899,128543,13628.0
056,Leaside-Bennington,LE,Leaside,2019,157656.0,1530,330924,21315.0
103,Lawrence Park South,LO,Locke,2019,204120.0,2157,335761,36896.0
078,Kensington-Chinatown,LS,Lillian H. Smith,2019,262069.0,3362,273328,91815.0
062,East End-Danforth,MA,Main Street,2019,118568.0,1202,252545,23379.0
146,Malvern East,MAL,Malvern,2019,275220.0,3332,291620,79554.0
107,Oakwood-Vaughan,MAS,Maria A. Shchuka,2019,210369.0,1819,178398,79476.0
126,Dorset Park,MCG,McGregor Park,2019,120802.0,1680,152135,29609.0
115,Mount Dennis,MD,Mount Dennis,2019,77877.0,1027,89270,31430.0
160,Mimico-Queensway,MI,Mimico Centennial,2019,85449.0,1129,167353,12713.0
099,Mount Pleasant East,MP,Mount Pleasant,2019,61718.0,776,155612,5368.0
119,Wexford-Maryvale,MRV,Maryvale,2019,126402.0,1505,148594,32754.0
136,West Hill,MS,Morningside,2019,109795.0,1528,156566,29277.0
100,Yonge-Eglinton,ND,Northern District,2019,357327.0,4118,420227,92396.0
001,West Humber-Clairville,NE,Northern Elms,2019,32994.0,555,62927,12233.0
018,New Toronto,NT,New Toronto,2019,53786.0,788,122517,13824.0
107,Oakwood-Vaughan,OV,Oakwood Village Library and Arts Centre,2019,99154.0,939,142126,19498.0
069,Blake-Jones,PA,Pape/Danforth,2019,215656.0,2105,359576,49103.0
171,Junction-Wallace Emerson,PE,Perth/Dupont,2019,52157.0,548,97542,5480.0
085,South Parkdale,PK,Parkdale,2019,181068.0,2068,204819,53495.0
073,Moss Park,PL,Parliament Street,2019,98771.0,1102,101464,28959.0
095,Annex,PM,Palmerston,2019,104919.0,1176,194833,21569.0
133,Centennial Scarborough,PU,Port Union,2019,82062.0,1076,200031,8556.0
046,Pleasant View,PV,Pleasant View,2019,73267.0,681,168874,13878.0
070,South Riverdale,QS,Queen/Saulter,2019,69777.0,722,103936,10704.0
068,North Riverdale,RD,Riverdale,2019,180229.0,1466,225704,44200.0
007,Willowridge-Martingrove-Richview,RI,Richview,2019,298478.0,3800,556421,71343.0
088,High Park North,RN,Runnymede,2019,291820.0,2536,426354,67083.0
004,Rexdale-Kipling,RX,Rexdale,2019,39099.0,514,69288,10536.0
078,Kensington-Chinatown,SA,Sanderson,2019,228261.0,2158,171106,53178.0
156,Bendale -Glen Andrew,SC,Scarborough Civic Centre,2019,197245.0,2836,172072,43849.0
091,Weston-Pellam Park,SI,St. Clair/Silverthorn,2019,10366.0,254,14047,1473.0
074,North St. James Town,SJ,St. James Town,2019,182887.0,2297,248646,58962.0
166,St Lawrence-East Bayfront-The Islands,SL,St. Lawrence,2019,133158.0,2550,220519,27347.0
095,Annex,SP,Spadina Road,2019,85425.0,1083,172880,14116.0
116,Steeles,ST,Steeles,2019,162606.0,1570,198868,36129.0
087,High Park-Swansea,SW,Swansea Memorial,2019,23836.0,133,41280,2707.0
059,Danforth Village - East York,SWS,S. Walter Stewart,2019,247041.0,1955,389780,58495.0
122,Birchcliffe-Cliffside,TA,Taylor Memorial,2019,26401.0,545,103046,8422.0
055,Thorncliffe Park,TH,Thorncliffe,2019,183994.0,1948,138280,42950.0
058,Old East York,TOD,Todmorden Room,2019,34029.0,244,55877,3749.0
098,Rosedale-Moore Park,TRL,Toronto Reference Library,2019,1507185.0,14461,375830,390307.0
043,Victoria Village,VV,Victoria Village,2019,42414.0,544,87183,9070.0
113,Weston,WE,Weston,2019,93178.0,1518,108961,26812.0
022,Humbermede,WP,Woodview Park,2019,65661.0,784,60941,14657.0
129,Agincourt North,WS,Woodside Square,2019,362674.0,2341,290873,72288.0
095,Annex,YO,Yorkville,2019,134385.0,1349,251808,21130.0
025,Glenfield-Jane Heights,YW,York Woods,2019,134259.0,2773,134944,62065.0
002,Mount Olive-Silverstone-Jamestown,AB,Albion,2020,83718.0,2072,126586,26076.0
120,Clairlea-Birchmount,ACD,Albert Campbell,2020,1607.0,25,12976,0.0
020,Alderwood,AD,Alderwood,2020,20644.0,164,36256,1892.0
118,Tam O'Shanter-Sullivan,AG,Agincourt,2020,81923.0,1064,266625,25441.0
039,Bedford Park-Nortown,AH,Armour Heights,2020,16702.0,194,64139,1811.0
090,Junction Area,AN,Annette Street,2020,47198.0,450,106555,5746.0
030,Brookhaven-Amesbury,AP,Amesbury Park,2020,19491.0,408,38630,4251.0
150,Fenside-Parkwoods,BB,Brookbanks,2020,35675.0,385,87211,4129.0
154,Oakdale-Beverley Heights,BC,Black Creek,2020,26946.0,494,22006,5912.0
157,Bendale South,BD,Bendale,2020,20062.0,341,52748,3706.0
063,The Beaches,BE,Beaches,2020,77328.0,813,144929,7102.0
032,Englemount-Lawrence,BF,Barbara Frum,2020,94156.0,862,252244,18233.0
083,Dufferin Grove,BL,Bloor/Gladstone,2020,131749.0,1344,201595,31570.0
015,Kingsway South,BR,Brentwood,2020,83955.0,917,237555,14194.0
147,L'Amoreaux West,BRW,Bridlewood,2020,84002.0,673,90230,10115.0
146,Malvern East,BUR,Burrows Hall,2020,15949.0,203,29631,2989.0
123,Cliffcrest,CC,Cliffcrest,2020,24853.0,504,83210,2888.0
035,Westminster-Branson,CE,Centennial,2020,52001.0,758,142566,4810.0
141,Golfdale-Cedarbrae-Woburn,CED,Cedarbrae,2020,104056.0,1594,151216,35952.0
170,Yonge-Bay Corridor,CH,City Hall,2020,39487.0,1268,65935,8603.0
037,Willowdale West,CL,North York Central Library,2020,456052.0,3481,454082,62120.0
080,Palmerston-Little Italy,CS,College/Shaw,2020,40324.0,544,107163,4090.0
064,Woodbine Corridor,DA,Danforth/Coxwell,2020,71877.0,560,158261,9723.0
042,Banbury-Don Mills,DM,Don Mills,2020,90920.0,805,250437,13816.0
155,Downsview,DO,Downsview,2020,60744.0,691,57064,11773.0
098,Rosedale-Moore Park,DP,Deer Park,2020,98871.0,782,196534,15121.0
054,O'Connor-Parkview,DR,Dawes Road,2020,39629.0,501,96246,7374.0
094,Wychwood,DT,Davenport,2020,7552.0,122,35733,922.0
092,Corso Italia-Davenport,DU,Dufferin/St. Clair,2020,47531.0,496,109802,8753.0
158,Islington,EA,Eatonville,2020,87220.0,1151,225948,10679.0
011,Eringate-Centennial-West Deane,EB,Elmbrook Park,2020,15484.0,143,59378,852.0
110,Keelesdale-Eglinton West,EG,Evelyn Gregory,2020,16214.0,164,25521,3408.0
052,Bayview Village,EN,Ethennonnhawahstihnen',2020,45962.0,700,140088,4497.0
120,Clairlea-Birchmount,ES,Eglinton Square,2020,68291.0,603,63514,12119.0
102,Forest Hill North,FH,Forest Hill,2020,61033.0,442,108414,4598.0
165,Harbourfront-CityPlace,FO,Fort York,2020,65438.0,1874,118480,7407.0
044,Flemingdon Park,FP,Flemingdon Park,2020,41276.0,287,31643,6271.0
047,Don Valley Village,FV,Fairview,2020,157316.0,2168,302231,32314.0
065,Greenwood-Coxwell,GE,Gerrard/Ashdale,2020,27205.0,242,54932,3739.0
130,Milliken,GHP,Goldhawk Park,2020,43959.0,299,85080,6205.0
140,Guildwood,GW,Guildwood,2020,22876.0,227,51998,2225.0
016,Stonegate-Queensway,HB,Humber Bay,2020,9187.0,172,43315,1232.0
134,Highland Creek,HC,Highland Creek,2020,21700.0,388,65639,4426.0
048,Hillcrest Village,HIL,Hillcrest,2020,38782.0,330,155417,3582.0
087,High Park-Swansea,HP,High Park,2020,89789.0,625,159632,7341.0
021,Humber Summit,HS,Humber Summit,2020,12252.0,192,22677,3415.0
001,West Humber-Clairville,HW,Humberwood,2020,21521.0,116,14847,2229.0
089,Runnymede-Bloor West Village,JD,Jane/Dundas,2020,58094.0,572,136480,11692.0
070,South Riverdale,JO,Jones,2020,32163.0,339,85172,3568.0
025,Glenfield-Jane Heights,JS,Jane/Sheppard,2020,38069.0,617,46122,7509.0
125,Ionview,KE,Kennedy/Eglinton,2020,28212.0,507,60245,7709.0
019,Long Branch,LB,Long Branch,2020,25011.0,354,79922,2755.0
056,Leaside-Bennington,LE,Leaside,2020,64348.0,625,192613,5065.0
103,Lawrence Park South,LO,Locke,2020,81105.0,891,177203,8879.0
078,Kensington-Chinatown,LS,Lillian H. Smith,2020,97500.0,1285,148317,26622.0
062,East End-Danforth,MA,Main Street,2020,55649.0,462,136340,7986.0
146,Malvern East,MAL,Malvern,2020,90922.0,1042,124229,20033.0
107,Oakwood-Vaughan,MAS,Maria A. Shchuka,2020,67788.0,670,75572,19854.0
126,Dorset Park,MCG,McGregor Park,2020,39622.0,538,77049,7509.0
115,Mount Dennis,MD,Mount Dennis,2020,33095.0,358,39678,8491.0
160,Mimico-Queensway,MI,Mimico Centennial,2020,34626.0,483,96529,3871.0
099,Mount Pleasant East,MP,Mount Pleasant,2020,12178.0,147,39179,1040.0
119,Wexford-Maryvale,MRV,Maryvale,2020,26320.0,331,36625,5973.0
136,West Hill,MS,Morningside,2020,45944.0,633,100102,6127.0
100,Yonge-Eglinton,ND,Northern District,2020,85226.0,1539,218795,26221.0
001,West Humber-Clairville,NE,Northern Elms,2020,18821.0,210,40990,3650.0
018,New Toronto,NT,New Toronto,2020,19076.0,254,50501,3370.0
107,Oakwood-Vaughan,OV,Oakwood Village Library and Arts Centre,2020,26462.0,341,79771,4420.0
069,Blake-Jones,PA,Pape/Danforth,2020,74252.0,824,174872,11283.0
171,Junction-Wallace Emerson,PE,Perth/Dupont,2020,10486.0,113,26668,1099.0
085,South Parkdale,PK,Parkdale,2020,116458.0,1201,158296,24647.0
073,Moss Park,PL,Parliament Street,2020,78685.0,965,107691,15114.0
095,Annex,PM,Palmerston,2020,54360.0,604,147392,5166.0
133,Centennial Scarborough,PU,Port Union,2020,17303.0,195,49387,1732.0
046,Pleasant View,PV,Pleasant View,2020,27866.0,248,88899,3843.0
070,South Riverdale,QS,Queen/Saulter,2020,13608.0,168,26002,2064.0
068,North Riverdale,RD,Riverdale,2020,41601.0,517,123931,10683.0
007,Willowridge-Martingrove-Richview,RI,Richview,2020,110394.0,1230,260967,20928.0
088,High Park North,RN,Runnymede,2020,101566.0,886,238495,16323.0
004,Rexdale-Kipling,RX,Rexdale,2020,9438.0,108,19791,2595.0
078,Kensington-Chinatown,SA,Sanderson,2020,66395.0,628,67177,12650.0
156,Bendale -Glen Andrew,SC,Scarborough Civic Centre,2020,70414.0,995,75354,12080.0
091,Weston-Pellam Park,SI,St. Clair/Silverthorn,2020,7623.0,186,15409,1390.0
074,North St. James Town,SJ,St. James Town,2020,29787.0,378,52790,9389.0
166,St Lawrence-East Bayfront-The Islands,SL,St. Lawrence,2020,50946.0,980,120344,7287.0
095,Annex,SP,Spadina Road,2020,17355.0,187,52033,2867.0
116,Steeles,ST,Steeles,2020,40686.0,315,101547,7465.0
087,High Park-Swansea,SW,Swansea Memorial,2020,5164.0,16,12110,607.0
059,Danforth Village - East York,SWS,S. Walter Stewart,2020,94272.0,561,211230,14360.0
122,Birchcliffe-Cliffside,TA,Taylor Memorial,2020,23725.0,212,72986,2360.0
055,Thorncliffe Park,TH,Thorncliffe,2020,49448.0,525,66087,11491.0
058,Old East York,TOD,Todmorden Room,2020,7135.0,45,13900,754.0
098,Rosedale-Moore Park,TRL,Toronto Reference Library,2020,409542.0,4261,201399,113637.0
043,Victoria Village,VV,Victoria Village,2020,11850.0,207,33155,1886.0
113,Weston,WE,Weston,2020,44916.0,445,51331,7825.0
022,Humbermede,WP,Woodview Park,2020,21041.0,252,28476,3980.0
129,Agincourt North,WS,Woodside Square,2020,71640.0,503,78857,13434.0
095,Annex,YO,Yorkville,2020,30268.0,278,70318,4700.0
025,Glenfield-Jane Heights,YW,York Woods,2020,31075.0,396,26964,8832.0
002,Mount Olive-Silverstone-Jamestown,AB,Albion,2021,58083.0,1953,155096,14154.0
120,Clairlea-Birchmount,ACD,Albert Campbell,2021,12600.0,154,28134,0.0
020,Alderwood,AD,Alderwood,2021,19752.0,363,48728,504.0
118,Tam O'Shanter-Sullivan,AG,Agincourt,2021,81572.0,1194,326570,10508.0
039,Bedford Park-Nortown,AH,Armour Heights,2021,14409.0,233,105018,1044.0
090,Junction Area,AN,Annette Street,2021,46034.0,462,149040,3349.0
030,Brookhaven-Amesbury,AP,Amesbury Park,2021,10868.0,328,41849,1588.0
150,Fenside-Parkwoods,BB,Brookbanks,2021,27562.0,393,111742,1970.0
154,Oakdale-Beverley Heights,BC,Black Creek,2021,17520.0,284,19013,2747.0
157,Bendale South,BD,Bendale,2021,15747.0,450,63449,1597.0
063,The Beaches,BE,Beaches,2021,61687.0,873,183234,3402.0
032,Englemount-Lawrence,BF,Barbara Frum,2021,61848.0,939,293635,8645.0
083,Dufferin Grove,BL,Bloor/Gladstone,2021,85695.0,1356,259208,15125.0
015,Kingsway South,BR,Brentwood,2021,70833.0,1031,323591,6654.0
147,L'Amoreaux West,BRW,Bridlewood,2021,60079.0,1199,116119,4211.0
146,Malvern East,BUR,Burrows Hall,2021,7251.0,217,20539,711.0
123,Cliffcrest,CC,Cliffcrest,2021,20072.0,494,99385,1223.0
035,Westminster-Branson,CE,Centennial,2021,46021.0,819,193796,2658.0
141,Golfdale-Cedarbrae-Woburn,CED,Cedarbrae,2021,74951.0,1518,163107,15494.0
037,Willowdale West,CL,North York Central Library,2021,309869.0,3894,557517,29480.0
080,Palmerston-Little Italy,CS,College/Shaw,2021,29450.0,625,156730,1019.0
064,Woodbine Corridor,DA,Danforth/Coxwell,2021,49549.0,589,209279,4674.0
042,Banbury-Don Mills,DM,Don Mills,2021,72314.0,940,322966,5654.0
155,Downsview,DO,Downsview,2021,51164.0,801,88205,9331.0
098,Rosedale-Moore Park,DP,Deer Park,2021,81154.0,1186,236812,6770.0
054,O'Connor-Parkview,DR,Dawes Road,2021,27348.0,550,118588,3048.0
094,Wychwood,DT,Davenport,2021,2365.0,51,26454,0.0
092,Corso Italia-Davenport,DU,Dufferin/St. Clair,2021,36152.0,501,150961,3707.0
158,Islington,EA,Eatonville,2021,67386.0,1166,316632,4215.0
011,Eringate-Centennial-West Deane,EB,Elmbrook Park,2021,13247.0,209,79901,341.0
110,Keelesdale-Eglinton West,EG,Evelyn Gregory,2021,10334.0,249,33233,1548.0
052,Bayview Village,EN,Ethennonnhawahstihnen',2021,46617.0,1224,228315,2518.0
120,Clairlea-Birchmount,ES,Eglinton Square,2021,53252.0,896,83269,4067.0
102,Forest Hill North,FH,Forest Hill,2021,38232.0,500,145741,1936.0
165,Harbourfront-CityPlace,FO,Fort York,2021,62604.0,2709,164671,3854.0
044,Flemingdon Park,FP,Flemingdon Park,2021,33758.0,536,48842,2479.0
047,Don Valley Village,FV,Fairview,2021,119530.0,2589,327664,15276.0
065,Greenwood-Coxwell,GE,Gerrard/Ashdale,2021,31974.0,311,108116,1867.0
130,Milliken,GHP,Goldhawk Park,2021,27577.0,404,148829,2695.0
140,Guildwood,GW,Guildwood,2021,15310.0,239,68108,758.0
016,Stonegate-Queensway,HB,Humber Bay,2021,8097.0,210,35186,449.0
134,Highland Creek,HC,Highland Creek,2021,20156.0,496,94402,1542.0
048,Hillcrest Village,HIL,Hillcrest,2021,31305.0,499,203559,1284.0
087,High Park-Swansea,HP,High Park,2021,69732.0,629,200351,3409.0
021,Humber Summit,HS,Humber Summit,2021,11305.0,204,24270,982.0
001,West Humber-Clairville,HW,Humberwood,2021,12224.0,254,17228,909.0
089,Runnymede-Bloor West Village,JD,Jane/Dundas,2021,43854.0,540,190050,5875.0
070,South Riverdale,JO,Jones,2021,29392.0,372,115065,1385.0
025,Glenfield-Jane Heights,JS,Jane/Sheppard,2021,25861.0,564,52713,3224.0
125,Ionview,KE,Kennedy/Eglinton,2021,29577.0,726,81130,5727.0
019,Long Branch,LB,Long Branch,2021,19250.0,387,111236,915.0
056,Leaside-Bennington,LE,Leaside,2021,61845.0,851,275747,2526.0
103,Lawrence Park South,LO,Locke,2021,64678.0,842,240346,3700.0
078,Kensington-Chinatown,LS,Lillian H. Smith,2021,75630.0,1927,198145,14526.0
062,East End-Danforth,MA,Main Street,2021,50037.0,521,190319,4891.0
146,Malvern East,MAL,Malvern,2021,57937.0,1097,154004,7303.0
107,Oakwood-Vaughan,MAS,Maria A. Shchuka,2021,42003.0,727,98129,7608.0
126,Dorset Park,MCG,McGregor Park,2021,27536.0,608,99043,2602.0
115,Mount Dennis,MD,Mount Dennis,2021,30326.0,323,49966,3898.0
160,Mimico-Queensway,MI,Mimico Centennial,2021,28681.0,527,133806,1652.0
119,Wexford-Maryvale,MRV,Maryvale,2021,24654.0,449,38201,2661.0
136,West Hill,MS,Morningside,2021,42315.0,663,155286,2324.0
100,Yonge-Eglinton,ND,Northern District,2021,5612.0,1765,273570,14308.0
001,West Humber-Clairville,NE,Northern Elms,2021,13698.0,175,45142,1480.0
018,New Toronto,NT,New Toronto,2021,16522.0,260,63807,1608.0
107,Oakwood-Vaughan,OV,Oakwood Village Library and Arts Centre,2021,5031.0,431,116773,1934.0
069,Blake-Jones,PA,Pape/Danforth,2021,51921.0,746,234282,3053.0
171,Junction-Wallace Emerson,PE,Perth/Dupont,2021,8267.0,136,22187,274.0
085,South Parkdale,PK,Parkdale,2021,82433.0,1225,188589,13675.0
073,Moss Park,PL,Parliament Street,2021,62707.0,1001,147856,5033.0
095,Annex,PM,Palmerston,2021,50269.0,556,204010,1523.0
133,Centennial Scarborough,PU,Port Union,2021,10688.0,245,45739,469.0
046,Pleasant View,PV,Pleasant View,2021,20003.0,245,101720,1565.0
070,South Riverdale,QS,Queen/Saulter,2021,9916.0,190,19390,529.0
068,North Riverdale,RD,Riverdale,2021,5710.0,584,156177,4799.0
007,Willowridge-Martingrove-Richview,RI,Richview,2021,86957.0,1232,317534,9403.0
088,High Park North,RN,Runnymede,2021,92865.0,995,309451,8291.0
004,Rexdale-Kipling,RX,Rexdale,2021,11666.0,173,25604,1166.0
078,Kensington-Chinatown,SA,Sanderson,2021,43987.0,663,73687,6778.0
156,Bendale -Glen Andrew,SC,Scarborough Civic Centre,2021,45783.0,1214,93231,5578.0
091,Weston-Pellam Park,SI,St. Clair/Silverthorn,2021,9327.0,254,20242,709.0
074,North St. James Town,SJ,St. James Town,2021,11312.0,350,23406,1922.0
166,St Lawrence-East Bayfront-The Islands,SL,St. Lawrence,2021,47209.0,1068,161940,4073.0
095,Annex,SP,Spadina Road,2021,9654.0,267,33199,705.0
116,Steeles,ST,Steeles,2021,30057.0,418,133286,2207.0
059,Danforth Village - East York,SWS,S. Walter Stewart,2021,73913.0,648,294167,5318.0
122,Birchcliffe-Cliffside,TA,Taylor Memorial,2021,16047.0,245,89976,926.0
055,Thorncliffe Park,TH,Thorncliffe,2021,16877.0,580,69257,5107.0
058,Old East York,TOD,Todmorden Room,2021,1296.0,50,6238,157.0
098,Rosedale-Moore Park,TRL,Toronto Reference Library,2021,244641.0,3815,238759,49391.0
043,Victoria Village,VV,Victoria Village,2021,10639.0,226,49993,938.0
113,Weston,WE,Weston,2021,28589.0,488,59795,4390.0
022,Humbermede,WP,Woodview Park,2021,12922.0,190,38902,1409.0
129,Agincourt North,WS,Woodside Square,2021,51362.0,754,81545,5878.0
095,Annex,YO,Yorkville,2021,25840.0,464,65723,1929.0
025,Glenfield-Jane Heights,YW,York Woods,2021,25317.0,415,22279,3571.0
002,Mount Olive-Silverstone-Jamestown,AB,Albion,2022,191320.0,5093,209792,44967.0
120,Clairlea-Birchmount,ACD,Albert Campbell,2022,59881.0,1577,84732,14030.0
020,Alderwood,AD,Alderwood,2022,47658.0,711,91028,2587.0
118,Tam O'Shanter-Sullivan,AG,Agincourt,2022,137685.0,2959,394133,35212.0
039,Bedford Park-Nortown,AH,Armour Heights,2022,18416.0,398,69713,1852.0
090,Junction Area,AN,Annette Street,2022,43257.0,905,131914,6485.0
030,Brookhaven-Amesbury,AP,Amesbury Park,2022,28006.0,1019,53317,5981.0
150,Fenside-Parkwoods,BB,Brookbanks,2022,54070.0,933,134769,6340.0
154,Oakdale-Beverley Heights,BC,Black Creek,2022,43995.0,994,33959,9480.0
157,Bendale South,BD,Bendale,2022,29668.0,942,69628,5019.0
063,The Beaches,BE,Beaches,2022,122734.0,1587,215838,9254.0
032,Englemount-Lawrence,BF,Barbara Frum,2022,142752.0,2125,368807,21799.0
083,Dufferin Grove,BL,Bloor/Gladstone,2022,202438.0,2694,289981,48813.0
015,Kingsway South,BR,Brentwood,2022,133221.0,2116,345454,20232.0
147,L'Amoreaux West,BRW,Bridlewood,2022,199345.0,2632,203836,17132.0
146,Malvern East,BUR,Burrows Hall,2022,34835.0,835,64432,4884.0
123,Cliffcrest,CC,Cliffcrest,2022,44702.0,1154,116600,6156.0
035,Westminster-Branson,CE,Centennial,2022,95026.0,1848,217757,9196.0
141,Golfdale-Cedarbrae-Woburn,CED,Cedarbrae,2022,187054.0,3543,237252,43222.0
170,Yonge-Bay Corridor,CH,City Hall,2022,58226.0,1938,68917,11020.0
037,Willowdale West,CL,North York Central Library,2022,827795.0,9855,732038,87439.0
080,Palmerston-Little Italy,CS,College/Shaw,2022,54432.0,1044,128467,6025.0
064,Woodbine Corridor,DA,Danforth/Coxwell,2022,92387.0,1296,225709,15464.0
042,Banbury-Don Mills,DM,Don Mills,2022,146812.0,1982,401716,17395.0
155,Downsview,DO,Downsview,2022,116686.0,1978,119424,31542.0
098,Rosedale-Moore Park,DP,Deer Park,2022,165101.0,1792,288495,22943.0
054,O'Connor-Parkview,DR,Dawes Road,2022,43606.0,1149,94405,8493.0
094,Wychwood,DT,Davenport,2022,13947.0,367,57890,1010.0
092,Corso Italia-Davenport,DU,Dufferin/St. Clair,2022,71848.0,1010,154485,10777.0
158,Islington,EA,Eatonville,2022,137873.0,2771,359551,14964.0
011,Eringate-Centennial-West Deane,EB,Elmbrook Park,2022,21786.0,514,76420,1137.0
110,Keelesdale-Eglinton West,EG,Evelyn Gregory,2022,18450.0,584,34926,3613.0
052,Bayview Village,EN,Ethennonnhawahstihnen',2022,100183.0,2031,279998,8193.0
120,Clairlea-Birchmount,ES,Eglinton Square,2022,137717.0,1928,136581,18279.0
102,Forest Hill North,FH,Forest Hill,2022,72570.0,889,143551,6495.0
165,Harbourfront-CityPlace,FO,Fort York,2022,122233.0,4509,180341,14731.0
044,Flemingdon Park,FP,Flemingdon Park,2022,93145.0,1221,66808,9928.0
047,Don Valley Village,FV,Fairview,2022,295488.0,5675,447214,46018.0
065,Greenwood-Coxwell,GE,Gerrard/Ashdale,2022,42256.0,509,99785,3697.0
130,Milliken,GHP,Goldhawk Park,2022,41524.0,819,118150,6531.0
140,Guildwood,GW,Guildwood,2022,27047.0,430,63224,2700.0
016,Stonegate-Queensway,HB,Humber Bay,2022,23300.0,651,83126,2728.0
134,Highland Creek,HC,Highland Creek,2022,33550.0,811,87911,3568.0
048,Hillcrest Village,HIL,Hillcrest,2022,50693.0,771,181066,3144.0
087,High Park-Swansea,HP,High Park,2022,106896.0,1167,200102,9156.0
021,Humber Summit,HS,Humber Summit,2022,20197.0,481,33951,3551.0
001,West Humber-Clairville,HW,Humberwood,2022,29417.0,574,29362,2807.0
089,Runnymede-Bloor West Village,JD,Jane/Dundas,2022,87567.0,1404,200464,17688.0
070,South Riverdale,JO,Jones,2022,41781.0,748,108010,3350.0
025,Glenfield-Jane Heights,JS,Jane/Sheppard,2022,55649.0,1398,70105,10134.0
125,Ionview,KE,Kennedy/Eglinton,2022,75654.0,1859,110971,17130.0
019,Long Branch,LB,Long Branch,2022,30760.0,736,90655,4649.0
056,Leaside-Bennington,LE,Leaside,2022,107068.0,1432,282606,6381.0
103,Lawrence Park South,LO,Locke,2022,68641.0,1204,162948,7941.0
078,Kensington-Chinatown,LS,Lillian H. Smith,2022,169226.0,3242,237732,53604.0
062,East End-Danforth,MA,Main Street,2022,88269.0,1040,225908,11288.0
146,Malvern East,MAL,Malvern,2022,134121.0,2799,210714,23708.0
107,Oakwood-Vaughan,MAS,Maria A. Shchuka,2022,105100.0,1424,138093,24408.0
126,Dorset Park,MCG,McGregor Park,2022,51954.0,1434,101179,7915.0
115,Mount Dennis,MD,Mount Dennis,2022,72801.0,866,73517,12200.0
160,Mimico-Queensway,MI,Mimico Centennial,2022,55676.0,935,161819,5121.0
119,Wexford-Maryvale,MRV,Maryvale,2022,79733.0,1340,55037,9766.0
136,West Hill,MS,Morningside,2022,80008.0,1557,143361,11739.0
100,Yonge-Eglinton,ND,Northern District,2022,234291.0,3819,380855,40022.0
001,West Humber-Clairville,NE,Northern Elms,2022,22338.0,380,46726,4798.0
018,New Toronto,NT,New Toronto,2022,29806.0,698,78132,5557.0
107,Oakwood-Vaughan,OV,Oakwood Village Library and Arts Centre,2022,51839.0,691,110991,5348.0
069,Blake-Jones,PA,Pape/Danforth,2022,125371.0,1515,268749,14645.0
171,Junction-Wallace Emerson,PE,Perth/Dupont,2022,24922.0,442,60143,1690.0
085,South Parkdale,PK,Parkdale,2022,189577.0,2718,279390,43158.0
073,Moss Park,PL,Parliament Street,2022,134804.0,1873,177165,26672.0
095,Annex,PM,Palmerston,2022,81764.0,879,184670,6610.0
133,Centennial Scarborough,PU,Port Union,2022,39945.0,838,109801,2287.0
046,Pleasant View,PV,Pleasant View,2022,33177.0,582,100288,3536.0
070,South Riverdale,QS,Queen/Saulter,2022,39625.0,620,73086,4032.0
068,North Riverdale,RD,Riverdale,2022,91701.0,976,171092,16743.0
007,Willowridge-Martingrove-Richview,RI,Richview,2022,179693.0,3175,398376,25414.0
088,High Park North,RN,Runnymede,2022,175890.0,2074,362744,28534.0
004,Rexdale-Kipling,RX,Rexdale,2022,20128.0,365,35307,3016.0
078,Kensington-Chinatown,SA,Sanderson,2022,90084.0,1257,102407,17522.0
156,Bendale -Glen Andrew,SC,Scarborough Civic Centre,2022,115726.0,2536,134117,21266.0
091,Weston-Pellam Park,SI,St. Clair/Silverthorn,2022,20273.0,450,44750,2182.0
074,North St. James Town,SJ,St. James Town,2022,71045.0,1864,81061,14698.0
166,St Lawrence-East Bayfront-The Islands,SL,St. Lawrence,2022,68345.0,1880,146566,9443.0
095,Annex,SP,Spadina Road,2022,37150.0,747,72202,5208.0
116,Steeles,ST,Steeles,2022,68224.0,1097,132901,8960.0
087,High Park-Swansea,SW,Swansea Memorial,2022,7707.0,157,16345,540.0
059,Danforth Village - East York,SWS,S. Walter Stewart,2022,162852.0,1488,338947,16305.0
122,Birchcliffe-Cliffside,TA,Taylor Memorial,2022,23011.0,408,78732,2401.0
055,Thorncliffe Park,TH,Thorncliffe,2022,77271.0,1589,91727,16651.0
058,Old East York,TOD,Todmorden Room,2022,14260.0,183,20919,1220.0
098,Rosedale-Moore Park,TRL,Toronto Reference Library,2022,745217.0,9448,239509,136640.0
043,Victoria Village,VV,Victoria Village,2022,19859.0,444,49054,2572.0
113,Weston,WE,Weston,2022,73630.0,1080,78666,14837.0
022,Humbermede,WP,Woodview Park,2022,28304.0,413,35084,4115.0
129,Agincourt North,WS,Woodside Square,2022,163061.0,1788,176330,21028.0
096,Casa Loma,WY,Wychwood,2022,37001.0,1035,47953,3836.0
095,Annex,YO,Yorkville,2022,75390.0,1081,142124,8755.0
025,Glenfield-Jane Heights,YW,York Woods,2022,69116.0,1116,43695,16088.0
115,Mount Dennis,MD,Mount Dennis,2012,0.0,3,9180,0.0
047,Don Valley Village,FV,Fairview,2013,0.0,26,186152,0.0
091,Weston-Pellam Park,SI,St. Clair/Silverthorn,2018,0.0,6,4239,0.0
096,Casa Loma,WY,Wychwood,2019,0.0,17,14190,0.0
096,Casa Loma,WY,Wychwood,2020,0.0,4,5174,0.0
170,Yonge-Bay Corridor,CH,City Hall,2021,0.0,28,10989,0.0
099,Mount Pleasant East,MP,Mount Pleasant,2021,0.0,4,11242,0.0
087,High Park-Swansea,SW,Swansea Memorial,2021,0.0,1,4642,0.0
096,Casa Loma,WY,Wychwood,2021,0.0,18,3768,0.0
099,Mount Pleasant East,MP,Mount Pleasant,2022,0.0,7,10191,0.0
