NBHDNo,NBHDName,BranchCode,BranchName,Year,Sessions
002,Mount Olive-Silverstone-Jamestown,AB,Albion,2012,132024
120,Clairlea-Birchmount,ACD,Albert Campbell,2012,131353
020,Alderwood,AD,Alderwood,2012,16279
118,Tam O'Shanter-Sullivan,AG,Agincourt,2012,140407
039,Bedford Park-Nortown,AH,Armour Heights,2012,11895
090,Junction Area,AN,Annette Street,2012,36663
030,Brookhaven-Amesbury,AP,Amesbury Park,2012,18961
150,Fenside-Parkwoods,BB,Brookbanks,2012,19784
154,Oakdale-Beverley Heights,BC,Black Creek,2012,25755
157,Bendale South,BD,Bendale,2012,19911
063,The Beaches,BE,Beaches,2012,45165
032,Englemount-Lawrence,BF,Barbara Frum,2012,101666
083,Dufferin Grove,BL,Bloor/Gladstone,2012,177112
015,Kingsway South,BR,Brentwood,2012,8276
147,L'Amoreaux West,BRW,Bridlewood,2012,41350
146,Malvern East,BUR,Burrows Hall,2012,25885
123,Cliffcrest,CC,Cliffcrest,2012,18786
035,Westminster-Branson,CE,Centennial,2012,28740
141,Golfdale-Cedarbrae-Woburn,CED,Cedarbrae,2012,240834
170,Yonge-Bay Corridor,CH,City Hall,2012,30061
037,Willowdale West,CL,North York Central Library,2012,484789
080,Palmerston-Little Italy,CS,College/Shaw,2012,22640
064,Woodbine Corridor,DA,Danforth/Coxwell,2012,35962
042,Banbury-Don Mills,DM,Don Mills,2012,75424
155,Downsview,DO,Downsview,2012,103227
098,Rosedale-Moore Park,DP,Deer Park,2012,40648
054,O'Connor-Parkview,DR,Dawes Road,2012,48770
094,Wychwood,DT,Davenport,2012,6192
092,Corso Italia-Davenport,DU,Dufferin/St. Clair,2012,54256
158,Islington,EA,Eatonville,2012,48329
011,Eringate-Centennial-West Deane,EB,Elmbrook Park,2012,8451
110,Keelesdale-Eglinton West,EG,Evelyn Gregory,2012,30367
052,Bayview Village,EN,Ethennonnhawahstihnen',2012,21394
120,Clairlea-Birchmount,ES,Eglinton Square,2012,34997
102,Forest Hill North,FH,Forest Hill,2012,20652
044,Flemingdon Park,FP,Flemingdon Park,2012,55771
047,Don Valley Village,FV,Fairview,2012,164649
065,Greenwood-Coxwell,GE,Gerrard/Ashdale,2012,21811
130,Milliken,GHP,Goldhawk Park,2012,46660
140,Guildwood,GW,Guildwood,2012,11027
016,Stonegate-Queensway,HB,Humber Bay,2012,8441
134,Highland Creek,HC,Highland Creek,2012,23497
048,Hillcrest Village,HIL,Hillcrest,2012,32986
087,High Park-Swansea,HP,High Park,2012,39306
021,Humber Summit,HS,Humber Summit,2012,31763
001,West Humber-Clairville,HW,Humberwood,2012,31205
089,Runnymede-Bloor West Village,JD,Jane/Dundas,2012,71573
070,South Riverdale,JO,Jones,2012,30753
025,Glenfield-Jane Heights,JS,Jane/Sheppard,2012,46352
125,Ionview,KE,Kennedy/Eglinton,2012,38399
019,Long Branch,LB,Long Branch,2012,26643
056,Leaside-Bennington,LE,Leaside,2012,25308
103,Lawrence Park South,LO,Locke,2012,42570
078,Kensington-Chinatown,LS,Lillian H. Smith,2012,188318
062,East End-Danforth,MA,Main Street,2012,35881
146,Malvern East,MAL,Malvern,2012,165136
107,Oakwood-Vaughan,MAS,Maria A. Shchuka,2012,132310
126,Dorset Park,MCG,McGregor Park,2012,39797
160,Mimico-Queensway,MI,Mimico Centennial,2012,17454
099,Mount Pleasant East,MP,Mount Pleasant,2012,5328
119,Wexford-Maryvale,MRV,Maryvale,2012,31081
136,West Hill,MS,Morningside,2012,34166
100,Yonge-Eglinton,ND,Northern District,2012,127600
001,West Humber-Clairville,NE,Northern Elms,2012,12532
018,New Toronto,NT,New Toronto,2012,26430
107,Oakwood-Vaughan,OV,Oakwood Village Library and Arts Centre,2012,35837
069,Blake-Jones,PA,Pape/Danforth,2012,70725
171,Junction-Wallace Emerson,PE,Perth/Dupont,2012,10329
085,South Parkdale,PK,Parkdale,2012,111474
073,Moss Park,PL,Parliament Street,2012,60005
095,Annex,PM,Palmerston,2012,21846
133,Centennial Scarborough,PU,Port Union,2012,15438
046,Pleasant View,PV,Pleasant View,2012,25879
070,South Riverdale,QS,Queen/Saulter,2012,12243
068,North Riverdale,RD,Riverdale,2012,73429
007,Willowridge-Martingrove-Richview,RI,Richview,2012,131921
088,High Park North,RN,Runnymede,2012,69640
004,Rexdale-Kipling,RX,Rexdale,2012,20822
078,Kensington-Chinatown,SA,Sanderson,2012,67645
091,Weston-Pellam Park,SI,St. Clair/Silverthorn,2012,15156
074,North St. James Town,SJ,St. James Town,2012,64006
166,St Lawrence-East Bayfront-The Islands,SL,St. Lawrence,2012,23702
095,Annex,SP,Spadina Road,2012,11709
116,Steeles,ST,Steeles,2012,37604
087,High Park-Swansea,SW,Swansea Memorial,2012,2759
059,Danforth Village - East York,SWS,S. Walter Stewart,2012,129468
122,Birchcliffe-Cliffside,TA,Taylor Memorial,2012,13881
055,Thorncliffe Park,TH,Thorncliffe,2012,80657
058,Old East York,TOD,Todmorden Room,2012,2820
098,Rosedale-Moore Park,TRL,Toronto Reference Library,2012,727822
043,Victoria Village,VV,Victoria Village,2012,14772
113,Weston,WE,Weston,2012,40117
022,Humbermede,WP,Woodview Park,2012,19629
129,Agincourt North,WS,Woodside Square,2012,105207
096,Casa Loma,WY,Wychwood,2012,44020
095,Annex,YO,Yorkville,2012,32464
025,Glenfield-Jane Heights,YW,York Woods,2012,172783
002,Mount Olive-Silverstone-Jamestown,AB,Albion,2013,139402
120,Clairlea-Birchmount,ACD,Albert Campbell,2013,133591
020,Alderwood,AD,Alderwood,2013,16238
118,Tam O'Shanter-Sullivan,AG,Agincourt,2013,180672
039,Bedford Park-Nortown,AH,Armour Heights,2013,11250
090,Junction Area,AN,Annette Street,2013,30396
030,Brookhaven-Amesbury,AP,Amesbury Park,2013,17788
150,Fenside-Parkwoods,BB,Brookbanks,2013,22950
154,Oakdale-Beverley Heights,BC,Black Creek,2013,21560
157,Bendale South,BD,Bendale,2013,22293
063,The Beaches,BE,Beaches,2013,46488
032,Englemount-Lawrence,BF,Barbara Frum,2013,112745
083,Dufferin Grove,BL,Bloor/Gladstone,2013,171160
015,Kingsway South,BR,Brentwood,2013,84403
147,L'Amoreaux West,BRW,Bridlewood,2013,43375
146,Malvern East,BUR,Burrows Hall,2013,27563
123,Cliffcrest,CC,Cliffcrest,2013,17750
035,Westminster-Branson,CE,Centennial,2013,29350
141,Golfdale-Cedarbrae-Woburn,CED,Cedarbrae,2013,260191
170,Yonge-Bay Corridor,CH,City Hall,2013,31225
037,Willowdale West,CL,North York Central Library,2013,545403
080,Palmerston-Little Italy,CS,College/Shaw,2013,21563
064,Woodbine Corridor,DA,Danforth/Coxwell,2013,39138
042,Banbury-Don Mills,DM,Don Mills,2013,81804
155,Downsview,DO,Downsview,2013,120176
098,Rosedale-Moore Park,DP,Deer Park,2013,52063
054,O'Connor-Parkview,DR,Dawes Road,2013,49088
094,Wychwood,DT,Davenport,2013,7000
092,Corso Italia-Davenport,DU,Dufferin/St. Clair,2013,63350
158,Islington,EA,Eatonville,2013,43594
011,Eringate-Centennial-West Deane,EB,Elmbrook Park,2013,7575
110,Keelesdale-Eglinton West,EG,Evelyn Gregory,2013,29788
052,Bayview Village,EN,Ethennonnhawahstihnen',2013,25243
120,Clairlea-Birchmount,ES,Eglinton Square,2013,39200
102,Forest Hill North,FH,Forest Hill,2013,19988
044,Flemingdon Park,FP,Flemingdon Park,2013,59211
065,Greenwood-Coxwell,GE,Gerrard/Ashdale,2013,21888
130,Milliken,GHP,Goldhawk Park,2013,48736
140,Guildwood,GW,Guildwood,2013,12550
016,Stonegate-Queensway,HB,Humber Bay,2013,8675
134,Highland Creek,HC,Highland Creek,2013,22513
048,Hillcrest Village,HIL,Hillcrest,2013,55275
087,High Park-Swansea,HP,High Park,2013,41600
021,Humber Summit,HS,Humber Summit,2013,30800
001,West Humber-Clairville,HW,Humberwood,2013,36038
089,Runnymede-Bloor West Village,JD,Jane/Dundas,2013,75575
070,South Riverdale,JO,Jones,2013,28675
025,Glenfield-Jane Heights,JS,Jane/Sheppard,2013,48988
125,Ionview,KE,Kennedy/Eglinton,2013,38200
019,Long Branch,LB,Long Branch,2013,26575
056,Leaside-Bennington,LE,Leaside,2013,27025
103,Lawrence Park South,LO,Locke,2013,40425
078,Kensington-Chinatown,LS,Lillian H. Smith,2013,189215
062,East End-Danforth,MA,Main Street,2013,39548
146,Malvern East,MAL,Malvern,2013,181120
107,Oakwood-Vaughan,MAS,Maria A. Shchuka,2013,111379
126,Dorset Park,MCG,McGregor Park,2013,44723
115,Mount Dennis,MD,Mount Dennis,2013,44575
160,Mimico-Queensway,MI,Mimico Centennial,2013,21055
099,Mount Pleasant East,MP,Mount Pleasant,2013,5675
119,Wexford-Maryvale,MRV,Maryvale,2013,30713
136,West Hill,MS,Morningside,2013,39950
100,Yonge-Eglinton,ND,Northern District,2013,117777
001,West Humber-Clairville,NE,Northern Elms,2013,13700
018,New Toronto,NT,New Toronto,2013,22372
107,Oakwood-Vaughan,OV,Oakwood Village Library and Arts Centre,2013,34600
069,Blake-Jones,PA,Pape/Danforth,2013,72263
171,Junction-Wallace Emerson,PE,Perth/Dupont,2013,9638
085,South Parkdale,PK,Parkdale,2013,128159
073,Moss Park,PL,Parliament Street,2013,69688
095,Annex,PM,Palmerston,2013,20863
133,Centennial Scarborough,PU,Port Union,2013,16875
046,Pleasant View,PV,Pleasant View,2013,41325
070,South Riverdale,QS,Queen/Saulter,2013,11863
068,North Riverdale,RD,Riverdale,2013,73788
007,Willowridge-Martingrove-Richview,RI,Richview,2013,118823
088,High Park North,RN,Runnymede,2013,67213
004,Rexdale-Kipling,RX,Rexdale,2013,18938
078,Kensington-Chinatown,SA,Sanderson,2013,69388
091,Weston-Pellam Park,SI,St. Clair/Silverthorn,2013,14225
074,North St. James Town,SJ,St. James Town,2013,62200
166,St Lawrence-East Bayfront-The Islands,SL,St. Lawrence,2013,26075
095,Annex,SP,Spadina Road,2013,11245
116,Steeles,ST,Steeles,2013,37838
087,High Park-Swansea,SW,Swansea Memorial,2013,2575
059,Danforth Village - East York,SWS,S. Walter Stewart,2013,147925
122,Birchcliffe-Cliffside,TA,Taylor Memorial,2013,15425
055,Thorncliffe Park,TH,Thorncliffe,2013,88100
058,Old East York,TOD,Todmorden Room,2013,3300
098,Rosedale-Moore Park,TRL,Toronto Reference Library,2013,818494
043,Victoria Village,VV,Victoria Village,2013,13675
113,Weston,WE,Weston,2013,37488
022,Humbermede,WP,Woodview Park,2013,16738
129,Agincourt North,WS,Woodside Square,2013,114088
096,Casa Loma,WY,Wychwood,2013,43200
095,Annex,YO,Yorkville,2013,32475
025,Glenfield-Jane Heights,YW,York Woods,2013,176806
002,Mount Olive-Silverstone-Jamestown,AB,Albion,2014,142159
120,Clairlea-Birchmount,ACD,Albert Campbell,2014,149898
020,Alderwood,AD,Alderwood,2014,16500
118,Tam O'Shanter-Sullivan,AG,Agincourt,2014,166023
039,Bedford Park-Nortown,AH,Armour Heights,2014,11800
090,Junction Area,AN,Annette Street,2014,28629
030,Brookhaven-Amesbury,AP,Amesbury Park,2014,18550
150,Fenside-Parkwoods,BB,Brookbanks,2014,26263
154,Oakdale-Beverley Heights,BC,Black Creek,2014,24600
157,Bendale South,BD,Bendale,2014,20538
063,The Beaches,BE,Beaches,2014,41963
032,Englemount-Lawrence,BF,Barbara Frum,2014,120551
083,Dufferin Grove,BL,Bloor/Gladstone,2014,174629
015,Kingsway South,BR,Brentwood,2014,83069
147,L'Amoreaux West,BRW,Bridlewood,2014,42088
146,Malvern East,BUR,Burrows Hall,2014,28275
123,Cliffcrest,CC,Cliffcrest,2014,18738
035,Westminster-Branson,CE,Centennial,2014,26025
141,Golfdale-Cedarbrae-Woburn,CED,Cedarbrae,2014,258188
170,Yonge-Bay Corridor,CH,City Hall,2014,29988
037,Willowdale West,CL,North York Central Library,2014,496202
080,Palmerston-Little Italy,CS,College/Shaw,2014,21663
064,Woodbine Corridor,DA,Danforth/Coxwell,2014,38850
042,Banbury-Don Mills,DM,Don Mills,2014,85624
155,Downsview,DO,Downsview,2014,118894
098,Rosedale-Moore Park,DP,Deer Park,2014,54988
054,O'Connor-Parkview,DR,Dawes Road,2014,49650
094,Wychwood,DT,Davenport,2014,7150
092,Corso Italia-Davenport,DU,Dufferin/St. Clair,2014,59313
158,Islington,EA,Eatonville,2014,47626
011,Eringate-Centennial-West Deane,EB,Elmbrook Park,2014,6538
110,Keelesdale-Eglinton West,EG,Evelyn Gregory,2014,33350
052,Bayview Village,EN,Ethennonnhawahstihnen',2014,23452
120,Clairlea-Birchmount,ES,Eglinton Square,2014,37063
102,Forest Hill North,FH,Forest Hill,2014,20288
165,Harbourfront-CityPlace,FO,Fort York,2014,24150
044,Flemingdon Park,FP,Flemingdon Park,2014,51997
047,Don Valley Village,FV,Fairview,2014,167961
065,Greenwood-Coxwell,GE,Gerrard/Ashdale,2014,23425
130,Milliken,GHP,Goldhawk Park,2014,50442
140,Guildwood,GW,Guildwood,2014,12138
016,Stonegate-Queensway,HB,Humber Bay,2014,8900
134,Highland Creek,HC,Highland Creek,2014,24713
048,Hillcrest Village,HIL,Hillcrest,2014,31088
087,High Park-Swansea,HP,High Park,2014,44950
021,Humber Summit,HS,Humber Summit,2014,31213
001,West Humber-Clairville,HW,Humberwood,2014,34175
089,Runnymede-Bloor West Village,JD,Jane/Dundas,2014,71413
070,South Riverdale,JO,Jones,2014,28863
025,Glenfield-Jane Heights,JS,Jane/Sheppard,2014,48763
125,Ionview,KE,Kennedy/Eglinton,2014,39188
019,Long Branch,LB,Long Branch,2014,22363
056,Leaside-Bennington,LE,Leaside,2014,23925
103,Lawrence Park South,LO,Locke,2014,40625
078,Kensington-Chinatown,LS,Lillian H. Smith,2014,183539
062,East End-Danforth,MA,Main Street,2014,38513
146,Malvern East,MAL,Malvern,2014,175932
107,Oakwood-Vaughan,MAS,Maria A. Shchuka,2014,128615
126,Dorset Park,MCG,McGregor Park,2014,44396
115,Mount Dennis,MD,Mount Dennis,2014,64538
160,Mimico-Queensway,MI,Mimico Centennial,2014,22058
099,Mount Pleasant East,MP,Mount Pleasant,2014,5613
119,Wexford-Maryvale,MRV,Maryvale,2014,30650
136,West Hill,MS,Morningside,2014,41363
100,Yonge-Eglinton,ND,Northern District,2014,106577
001,West Humber-Clairville,NE,Northern Elms,2014,12938
018,New Toronto,NT,New Toronto,2014,23049
107,Oakwood-Vaughan,OV,Oakwood Village Library and Arts Centre,2014,36975
069,Blake-Jones,PA,Pape/Danforth,2014,71899
171,Junction-Wallace Emerson,PE,Perth/Dupont,2014,10063
085,South Parkdale,PK,Parkdale,2014,133343
073,Moss Park,PL,Parliament Street,2014,68339
095,Annex,PM,Palmerston,2014,19988
133,Centennial Scarborough,PU,Port Union,2014,18088
046,Pleasant View,PV,Pleasant View,2014,22738
070,South Riverdale,QS,Queen/Saulter,2014,11150
068,North Riverdale,RD,Riverdale,2014,74888
007,Willowridge-Martingrove-Richview,RI,Richview,2014,120461
088,High Park North,RN,Runnymede,2014,68213
004,Rexdale-Kipling,RX,Rexdale,2014,18875
078,Kensington-Chinatown,SA,Sanderson,2014,66100
091,Weston-Pellam Park,SI,St. Clair/Silverthorn,2014,14225
074,North St. James Town,SJ,St. James Town,2014,65038
166,St Lawrence-East Bayfront-The Islands,SL,St. Lawrence,2014,25688
095,Annex,SP,Spadina Road,2014,13242
116,Steeles,ST,Steeles,2014,27963
087,High Park-Swansea,SW,Swansea Memorial,2014,2488
059,Danforth Village - East York,SWS,S. Walter Stewart,2014,137354
122,Birchcliffe-Cliffside,TA,Taylor Memorial,2014,14925
055,Thorncliffe Park,TH,Thorncliffe,2014,89775
058,Old East York,TOD,Todmorden Room,2014,6225
098,Rosedale-Moore Park,TRL,Toronto Reference Library,2014,776844
043,Victoria Village,VV,Victoria Village,2014,14638
113,Weston,WE,Weston,2014,40363
022,Humbermede,WP,Woodview Park,2014,19200
129,Agincourt North,WS,Woodside Square,2014,104775
096,Casa Loma,WY,Wychwood,2014,37747
095,Annex,YO,Yorkville,2014,32850
025,Glenfield-Jane Heights,YW,York Woods,2014,185228
002,Mount Olive-Silverstone-Jamestown,AB,Albion,2015,142187
120,Clairlea-Birchmount,ACD,Albert Campbell,2015,145984
020,Alderwood,AD,Alderwood,2015,16700
118,Tam O'Shanter-Sullivan,AG,Agincourt,2015,158536
039,Bedford Park-Nortown,AH,Armour Heights,2015,11013
090,Junction Area,AN,Annette Street,2015,34038
030,Brookhaven-Amesbury,AP,Amesbury Park,2015,16300
150,Fenside-Parkwoods,BB,Brookbanks,2015,19700
154,Oakdale-Beverley Heights,BC,Black Creek,2015,24413
157,Bendale South,BD,Bendale,2015,21100
063,The Beaches,BE,Beaches,2015,48525
032,Englemount-Lawrence,BF,Barbara Frum,2015,131127
083,Dufferin Grove,BL,Bloor/Gladstone,2015,179859
015,Kingsway South,BR,Brentwood,2015,84937
147,L'Amoreaux West,BRW,Bridlewood,2015,41463
146,Malvern East,BUR,Burrows Hall,2015,28463
123,Cliffcrest,CC,Cliffcrest,2015,18638
035,Westminster-Branson,CE,Centennial,2015,27188
141,Golfdale-Cedarbrae-Woburn,CED,Cedarbrae,2015,243984
170,Yonge-Bay Corridor,CH,City Hall,2015,29788
037,Willowdale West,CL,North York Central Library,2015,477283
080,Palmerston-Little Italy,CS,College/Shaw,2015,21188
064,Woodbine Corridor,DA,Danforth/Coxwell,2015,37125
042,Banbury-Don Mills,DM,Don Mills,2015,86525
155,Downsview,DO,Downsview,2015,109770
098,Rosedale-Moore Park,DP,Deer Park,2015,60138
054,O'Connor-Parkview,DR,Dawes Road,2015,43475
094,Wychwood,DT,Davenport,2015,6688
092,Corso Italia-Davenport,DU,Dufferin/St. Clair,2015,54700
158,Islington,EA,Eatonville,2015,46633
011,Eringate-Centennial-West Deane,EB,Elmbrook Park,2015,6850
110,Keelesdale-Eglinton West,EG,Evelyn Gregory,2015,34325
052,Bayview Village,EN,Ethennonnhawahstihnen',2015,19505
120,Clairlea-Birchmount,ES,Eglinton Square,2015,37650
102,Forest Hill North,FH,Forest Hill,2015,21600
165,Harbourfront-CityPlace,FO,Fort York,2015,49513
044,Flemingdon Park,FP,Flemingdon Park,2015,50388
047,Don Valley Village,FV,Fairview,2015,232297
065,Greenwood-Coxwell,GE,Gerrard/Ashdale,2015,25863
130,Milliken,GHP,Goldhawk Park,2015,49572
140,Guildwood,GW,Guildwood,2015,12600
016,Stonegate-Queensway,HB,Humber Bay,2015,8725
134,Highland Creek,HC,Highland Creek,2015,21838
048,Hillcrest Village,HIL,Hillcrest,2015,31550
087,High Park-Swansea,HP,High Park,2015,43475
021,Humber Summit,HS,Humber Summit,2015,27700
001,West Humber-Clairville,HW,Humberwood,2015,21575
089,Runnymede-Bloor West Village,JD,Jane/Dundas,2015,64375
070,South Riverdale,JO,Jones,2015,25888
025,Glenfield-Jane Heights,JS,Jane/Sheppard,2015,48325
125,Ionview,KE,Kennedy/Eglinton,2015,37925
019,Long Branch,LB,Long Branch,2015,25550
056,Leaside-Bennington,LE,Leaside,2015,25913
103,Lawrence Park South,LO,Locke,2015,42075
078,Kensington-Chinatown,LS,Lillian H. Smith,2015,176522
062,East End-Danforth,MA,Main Street,2015,35975
146,Malvern East,MAL,Malvern,2015,170307
107,Oakwood-Vaughan,MAS,Maria A. Shchuka,2015,135937
126,Dorset Park,MCG,McGregor Park,2015,42142
115,Mount Dennis,MD,Mount Dennis,2015,55913
160,Mimico-Queensway,MI,Mimico Centennial,2015,21475
099,Mount Pleasant East,MP,Mount Pleasant,2015,6138
119,Wexford-Maryvale,MRV,Maryvale,2015,32938
136,West Hill,MS,Morningside,2015,42363
100,Yonge-Eglinton,ND,Northern District,2015,112235
001,West Humber-Clairville,NE,Northern Elms,2015,11325
018,New Toronto,NT,New Toronto,2015,22853
107,Oakwood-Vaughan,OV,Oakwood Village Library and Arts Centre,2015,37863
069,Blake-Jones,PA,Pape/Danforth,2015,75404
171,Junction-Wallace Emerson,PE,Perth/Dupont,2015,8113
085,South Parkdale,PK,Parkdale,2015,127130
073,Moss Park,PL,Parliament Street,2015,68269
095,Annex,PM,Palmerston,2015,18800
133,Centennial Scarborough,PU,Port Union,2015,16450
046,Pleasant View,PV,Pleasant View,2015,22488
070,South Riverdale,QS,Queen/Saulter,2015,11100
068,North Riverdale,RD,Riverdale,2015,73775
007,Willowridge-Martingrove-Richview,RI,Richview,2015,113426
088,High Park North,RN,Runnymede,2015,65663
004,Rexdale-Kipling,RX,Rexdale,2015,20063
078,Kensington-Chinatown,SA,Sanderson,2015,67425
156,Bendale -Glen Andrew,SC,Scarborough Civic Centre,2015,27325
091,Weston-Pellam Park,SI,St. Clair/Silverthorn,2015,13925
074,North St. James Town,SJ,St. James Town,2015,57375
166,St Lawrence-East Bayfront-The Islands,SL,St. Lawrence,2015,22051
095,Annex,SP,Spadina Road,2015,14813
116,Steeles,ST,Steeles,2015,34800
087,High Park-Swansea,SW,Swansea Memorial,2015,2600
059,Danforth Village - East York,SWS,S. Walter Stewart,2015,138960
122,Birchcliffe-Cliffside,TA,Taylor Memorial,2015,18588
055,Thorncliffe Park,TH,Thorncliffe,2015,79150
058,Old East York,TOD,Todmorden Room,2015,5438
098,Rosedale-Moore Park,TRL,Toronto Reference Library,2015,901258
043,Victoria Village,VV,Victoria Village,2015,12950
113,Weston,WE,Weston,2015,46263
022,Humbermede,WP,Woodview Park,2015,21425
129,Agincourt North,WS,Woodside Square,2015,106963
096,Casa Loma,WY,Wychwood,2015,37263
095,Annex,YO,Yorkville,2015,32313
025,Glenfield-Jane Heights,YW,York Woods,2015,193860
002,Mount Olive-Silverstone-Jamestown,AB,Albion,2016,140606
120,Clairlea-Birchmount,ACD,Albert Campbell,2016,149712
020,Alderwood,AD,Alderwood,2016,16338
118,Tam O'Shanter-Sullivan,AG,Agincourt,2016,103406
039,Bedford Park-Nortown,AH,Armour Heights,2016,10988
090,Junction Area,AN,Annette Street,2016,29238
030,Brookhaven-Amesbury,AP,Amesbury Park,2016,16563
150,Fenside-Parkwoods,BB,Brookbanks,2016,19713
154,Oakdale-Beverley Heights,BC,Black Creek,2016,21763
157,Bendale South,BD,Bendale,2016,18088
063,The Beaches,BE,Beaches,2016,45825
032,Englemount-Lawrence,BF,Barbara Frum,2016,121863
083,Dufferin Grove,BL,Bloor/Gladstone,2016,168193
015,Kingsway South,BR,Brentwood,2016,84596
147,L'Amoreaux West,BRW,Bridlewood,2016,40138
146,Malvern East,BUR,Burrows Hall,2016,24950
123,Cliffcrest,CC,Cliffcrest,2016,19413
035,Westminster-Branson,CE,Centennial,2016,28213
141,Golfdale-Cedarbrae-Woburn,CED,Cedarbrae,2016,249984
170,Yonge-Bay Corridor,CH,City Hall,2016,30938
037,Willowdale West,CL,North York Central Library,2016,433079
080,Palmerston-Little Italy,CS,College/Shaw,2016,21813
064,Woodbine Corridor,DA,Danforth/Coxwell,2016,37150
042,Banbury-Don Mills,DM,Don Mills,2016,88066
155,Downsview,DO,Downsview,2016,113701
098,Rosedale-Moore Park,DP,Deer Park,2016,59513
054,O'Connor-Parkview,DR,Dawes Road,2016,46688
094,Wychwood,DT,Davenport,2016,6113
092,Corso Italia-Davenport,DU,Dufferin/St. Clair,2016,51225
158,Islington,EA,Eatonville,2016,45770
011,Eringate-Centennial-West Deane,EB,Elmbrook Park,2016,7325
110,Keelesdale-Eglinton West,EG,Evelyn Gregory,2016,30325
052,Bayview Village,EN,Ethennonnhawahstihnen',2016,23800
120,Clairlea-Birchmount,ES,Eglinton Square,2016,18675
102,Forest Hill North,FH,Forest Hill,2016,20350
165,Harbourfront-CityPlace,FO,Fort York,2016,48088
044,Flemingdon Park,FP,Flemingdon Park,2016,49910
047,Don Valley Village,FV,Fairview,2016,224402
065,Greenwood-Coxwell,GE,Gerrard/Ashdale,2016,23825
130,Milliken,GHP,Goldhawk Park,2016,45802
140,Guildwood,GW,Guildwood,2016,12000
016,Stonegate-Queensway,HB,Humber Bay,2016,8825
134,Highland Creek,HC,Highland Creek,2016,19238
048,Hillcrest Village,HIL,Hillcrest,2016,29013
087,High Park-Swansea,HP,High Park,2016,39725
021,Humber Summit,HS,Humber Summit,2016,21488
001,West Humber-Clairville,HW,Humberwood,2016,18000
089,Runnymede-Bloor West Village,JD,Jane/Dundas,2016,64400
070,South Riverdale,JO,Jones,2016,23288
025,Glenfield-Jane Heights,JS,Jane/Sheppard,2016,47725
125,Ionview,KE,Kennedy/Eglinton,2016,36150
019,Long Branch,LB,Long Branch,2016,24788
056,Leaside-Bennington,LE,Leaside,2016,24488
103,Lawrence Park South,LO,Locke,2016,47125
078,Kensington-Chinatown,LS,Lillian H. Smith,2016,165859
062,East End-Danforth,MA,Main Street,2016,35813
146,Malvern East,MAL,Malvern,2016,167069
107,Oakwood-Vaughan,MAS,Maria A. Shchuka,2016,142462
126,Dorset Park,MCG,McGregor Park,2016,37741
115,Mount Dennis,MD,Mount Dennis,2016,55175
160,Mimico-Queensway,MI,Mimico Centennial,2016,23175
099,Mount Pleasant East,MP,Mount Pleasant,2016,6250
119,Wexford-Maryvale,MRV,Maryvale,2016,34313
136,West Hill,MS,Morningside,2016,41988
100,Yonge-Eglinton,ND,Northern District,2016,117080
001,West Humber-Clairville,NE,Northern Elms,2016,11488
018,New Toronto,NT,New Toronto,2016,22585
107,Oakwood-Vaughan,OV,Oakwood Village Library and Arts Centre,2016,37238
069,Blake-Jones,PA,Pape/Danforth,2016,74158
171,Junction-Wallace Emerson,PE,Perth/Dupont,2016,7863
085,South Parkdale,PK,Parkdale,2016,125610
073,Moss Park,PL,Parliament Street,2016,69344
095,Annex,PM,Palmerston,2016,19938
133,Centennial Scarborough,PU,Port Union,2016,16613
046,Pleasant View,PV,Pleasant View,2016,22363
070,South Riverdale,QS,Queen/Saulter,2016,11850
068,North Riverdale,RD,Riverdale,2016,70700
007,Willowridge-Martingrove-Richview,RI,Richview,2016,107685
088,High Park North,RN,Runnymede,2016,63363
004,Rexdale-Kipling,RX,Rexdale,2016,19550
078,Kensington-Chinatown,SA,Sanderson,2016,62700
156,Bendale -Glen Andrew,SC,Scarborough Civic Centre,2016,52375
091,Weston-Pellam Park,SI,St. Clair/Silverthorn,2016,13838
074,North St. James Town,SJ,St. James Town,2016,56575
166,St Lawrence-East Bayfront-The Islands,SL,St. Lawrence,2016,23779
095,Annex,SP,Spadina Road,2016,13988
116,Steeles,ST,Steeles,2016,34700
087,High Park-Swansea,SW,Swansea Memorial,2016,2125
059,Danforth Village - East York,SWS,S. Walter Stewart,2016,114635
122,Birchcliffe-Cliffside,TA,Taylor Memorial,2016,14738
055,Thorncliffe Park,TH,Thorncliffe,2016,76875
058,Old East York,TOD,Todmorden Room,2016,4263
098,Rosedale-Moore Park,TRL,Toronto Reference Library,2016,917498
043,Victoria Village,VV,Victoria Village,2016,12638
113,Weston,WE,Weston,2016,41188
022,Humbermede,WP,Woodview Park,2016,24763
129,Agincourt North,WS,Woodside Square,2016,101650
096,Casa Loma,WY,Wychwood,2016,36875
095,Annex,YO,Yorkville,2016,29425
025,Glenfield-Jane Heights,YW,York Woods,2016,172467
002,Mount Olive-Silverstone-Jamestown,AB,Albion,2017,137999
120,Clairlea-Birchmount,ACD,Albert Campbell,2017,150308
020,Alderwood,AD,Alderwood,2017,15213
118,Tam O'Shanter-Sullivan,AG,Agincourt,2017,134675
039,Bedford Park-Nortown,AH,Armour Heights,2017,11225
090,Junction Area,AN,Annette Street,2017,37370
030,Brookhaven-Amesbury,AP,Amesbury Park,2017,7439
150,Fenside-Parkwoods,BB,Brookbanks,2017,16113
154,Oakdale-Beverley Heights,BC,Black Creek,2017,19913
157,Bendale South,BD,Bendale,2017,18675
063,The Beaches,BE,Beaches,2017,40875
032,Englemount-Lawrence,BF,Barbara Frum,2017,132868
083,Dufferin Grove,BL,Bloor/Gladstone,2017,171813
015,Kingsway South,BR,Brentwood,2017,86113
147,L'Amoreaux West,BRW,Bridlewood,2017,43341
146,Malvern East,BUR,Burrows Hall,2017,20938
123,Cliffcrest,CC,Cliffcrest,2017,16188
035,Westminster-Branson,CE,Centennial,2017,35950
141,Golfdale-Cedarbrae-Woburn,CED,Cedarbrae,2017,197151
170,Yonge-Bay Corridor,CH,City Hall,2017,33700
080,Palmerston-Little Italy,CS,College/Shaw,2017,20363
064,Woodbine Corridor,DA,Danforth/Coxwell,2017,36600
042,Banbury-Don Mills,DM,Don Mills,2017,90243
155,Downsview,DO,Downsview,2017,99707
098,Rosedale-Moore Park,DP,Deer Park,2017,54350
054,O'Connor-Parkview,DR,Dawes Road,2017,45450
094,Wychwood,DT,Davenport,2017,6100
092,Corso Italia-Davenport,DU,Dufferin/St. Clair,2017,49488
158,Islington,EA,Eatonville,2017,43683
011,Eringate-Centennial-West Deane,EB,Elmbrook Park,2017,7175
110,Keelesdale-Eglinton West,EG,Evelyn Gregory,2017,25888
052,Bayview Village,EN,Ethennonnhawahstihnen',2017,29604
120,Clairlea-Birchmount,ES,Eglinton Square,2017,24088
102,Forest Hill North,FH,Forest Hill,2017,21500
165,Harbourfront-CityPlace,FO,Fort York,2017,47162
044,Flemingdon Park,FP,Flemingdon Park,2017,39266
047,Don Valley Village,FV,Fairview,2017,215656
065,Greenwood-Coxwell,GE,Gerrard/Ashdale,2017,24038
130,Milliken,GHP,Goldhawk Park,2017,39670
140,Guildwood,GW,Guildwood,2017,11088
016,Stonegate-Queensway,HB,Humber Bay,2017,8038
134,Highland Creek,HC,Highland Creek,2017,19175
048,Hillcrest Village,HIL,Hillcrest,2017,27575
087,High Park-Swansea,HP,High Park,2017,41913
021,Humber Summit,HS,Humber Summit,2017,7225
001,West Humber-Clairville,HW,Humberwood,2017,16050
089,Runnymede-Bloor West Village,JD,Jane/Dundas,2017,63875
070,South Riverdale,JO,Jones,2017,21488
025,Glenfield-Jane Heights,JS,Jane/Sheppard,2017,39475
125,Ionview,KE,Kennedy/Eglinton,2017,39175
019,Long Branch,LB,Long Branch,2017,19427
056,Leaside-Bennington,LE,Leaside,2017,25313
103,Lawrence Park South,LO,Locke,2017,46140
078,Kensington-Chinatown,LS,Lillian H. Smith,2017,111803
062,East End-Danforth,MA,Main Street,2017,32700
146,Malvern East,MAL,Malvern,2017,158550
107,Oakwood-Vaughan,MAS,Maria A. Shchuka,2017,121564
126,Dorset Park,MCG,McGregor Park,2017,36807
115,Mount Dennis,MD,Mount Dennis,2017,53466
160,Mimico-Queensway,MI,Mimico Centennial,2017,24663
099,Mount Pleasant East,MP,Mount Pleasant,2017,5738
119,Wexford-Maryvale,MRV,Maryvale,2017,33900
136,West Hill,MS,Morningside,2017,39488
100,Yonge-Eglinton,ND,Northern District,2017,120673
001,West Humber-Clairville,NE,Northern Elms,2017,10788
018,New Toronto,NT,New Toronto,2017,23478
107,Oakwood-Vaughan,OV,Oakwood Village Library and Arts Centre,2017,33188
069,Blake-Jones,PA,Pape/Danforth,2017,59407
171,Junction-Wallace Emerson,PE,Perth/Dupont,2017,8425
085,South Parkdale,PK,Parkdale,2017,122844
073,Moss Park,PL,Parliament Street,2017,66423
095,Annex,PM,Palmerston,2017,23100
133,Centennial Scarborough,PU,Port Union,2017,12475
046,Pleasant View,PV,Pleasant View,2017,17593
070,South Riverdale,QS,Queen/Saulter,2017,10863
068,North Riverdale,RD,Riverdale,2017,71813
007,Willowridge-Martingrove-Richview,RI,Richview,2017,82853
088,High Park North,RN,Runnymede,2017,38557
004,Rexdale-Kipling,RX,Rexdale,2017,17963
078,Kensington-Chinatown,SA,Sanderson,2017,66513
156,Bendale -Glen Andrew,SC,Scarborough Civic Centre,2017,63474
091,Weston-Pellam Park,SI,St. Clair/Silverthorn,2017,9487
074,North St. James Town,SJ,St. James Town,2017,58200
166,St Lawrence-East Bayfront-The Islands,SL,St. Lawrence,2017,23888
095,Annex,SP,Spadina Road,2017,13775
116,Steeles,ST,Steeles,2017,31163
087,High Park-Swansea,SW,Swansea Memorial,2017,5525
059,Danforth Village - East York,SWS,S. Walter Stewart,2017,119109
122,Birchcliffe-Cliffside,TA,Taylor Memorial,2017,13329
055,Thorncliffe Park,TH,Thorncliffe,2017,71175
058,Old East York,TOD,Todmorden Room,2017,4375
098,Rosedale-Moore Park,TRL,Toronto Reference Library,2017,867212
043,Victoria Village,VV,Victoria Village,2017,12050
113,Weston,WE,Weston,2017,37813
022,Humbermede,WP,Woodview Park,2017,23938
129,Agincourt North,WS,Woodside Square,2017,97263
096,Casa Loma,WY,Wychwood,2017,36463
095,Annex,YO,Yorkville,2017,29238
025,Glenfield-Jane Heights,YW,York Woods,2017,157821
002,Mount Olive-Silverstone-Jamestown,AB,Albion,2018,111939
120,Clairlea-Birchmount,ACD,Albert Campbell,2018,82784
020,Alderwood,AD,Alderwood,2018,12162
118,Tam O'Shanter-Sullivan,AG,Agincourt,2018,112149
039,Bedford Park-Nortown,AH,Armour Heights,2018,9753
090,Junction Area,AN,Annette Street,2018,21239
030,Brookhaven-Amesbury,AP,Amesbury Park,2018,13010
150,Fenside-Parkwoods,BB,Brookbanks,2018,16333
154,Oakdale-Beverley Heights,BC,Black Creek,2018,24989
157,Bendale South,BD,Bendale,2018,14323
063,The Beaches,BE,Beaches,2018,31292
032,Englemount-Lawrence,BF,Barbara Frum,2018,76409
083,Dufferin Grove,BL,Bloor/Gladstone,2018,128177
015,Kingsway South,BR,Brentwood,2018,57702
147,L'Amoreaux West,BRW,Bridlewood,2018,51202
146,Malvern East,BUR,Burrows Hall,2018,16232
123,Cliffcrest,CC,Cliffcrest,2018,14475
035,Westminster-Branson,CE,Centennial,2018,26974
141,Golfdale-Cedarbrae-Woburn,CED,Cedarbrae,2018,133544
170,Yonge-Bay Corridor,CH,City Hall,2018,50205
037,Willowdale West,CL,North York Central Library,2018,121507
080,Palmerston-Little Italy,CS,College/Shaw,2018,21914
064,Woodbine Corridor,DA,Danforth/Coxwell,2018,40326
042,Banbury-Don Mills,DM,Don Mills,2018,61911
155,Downsview,DO,Downsview,2018,72517
098,Rosedale-Moore Park,DP,Deer Park,2018,65983
054,O'Connor-Parkview,DR,Dawes Road,2018,30300
094,Wychwood,DT,Davenport,2018,4008
092,Corso Italia-Davenport,DU,Dufferin/St. Clair,2018,42709
158,Islington,EA,Eatonville,2018,41801
011,Eringate-Centennial-West Deane,EB,Elmbrook Park,2018,5700
110,Keelesdale-Eglinton West,EG,Evelyn Gregory,2018,13481
052,Bayview Village,EN,Ethennonnhawahstihnen',2018,26289
120,Clairlea-Birchmount,ES,Eglinton Square,2018,55733
102,Forest Hill North,FH,Forest Hill,2018,14583
165,Harbourfront-CityPlace,FO,Fort York,2018,37264
044,Flemingdon Park,FP,Flemingdon Park,2018,29894
047,Don Valley Village,FV,Fairview,2018,130320
065,Greenwood-Coxwell,GE,Gerrard/Ashdale,2018,16717
130,Milliken,GHP,Goldhawk Park,2018,30554
140,Guildwood,GW,Guildwood,2018,9772
016,Stonegate-Queensway,HB,Humber Bay,2018,6015
134,Highland Creek,HC,Highland Creek,2018,16657
048,Hillcrest Village,HIL,Hillcrest,2018,16987
087,High Park-Swansea,HP,High Park,2018,32396
021,Humber Summit,HS,Humber Summit,2018,10281
001,West Humber-Clairville,HW,Humberwood,2018,10942
089,Runnymede-Bloor West Village,JD,Jane/Dundas,2018,43864
070,South Riverdale,JO,Jones,2018,18622
025,Glenfield-Jane Heights,JS,Jane/Sheppard,2018,23749
125,Ionview,KE,Kennedy/Eglinton,2018,29139
019,Long Branch,LB,Long Branch,2018,14458
056,Leaside-Bennington,LE,Leaside,2018,20752
103,Lawrence Park South,LO,Locke,2018,40048
078,Kensington-Chinatown,LS,Lillian H. Smith,2018,108743
062,East End-Danforth,MA,Main Street,2018,26001
146,Malvern East,MAL,Malvern,2018,83951
107,Oakwood-Vaughan,MAS,Maria A. Shchuka,2018,81688
126,Dorset Park,MCG,McGregor Park,2018,30641
115,Mount Dennis,MD,Mount Dennis,2018,36451
160,Mimico-Queensway,MI,Mimico Centennial,2018,15725
099,Mount Pleasant East,MP,Mount Pleasant,2018,6809
119,Wexford-Maryvale,MRV,Maryvale,2018,34992
136,West Hill,MS,Morningside,2018,30116
100,Yonge-Eglinton,ND,Northern District,2018,104897
001,West Humber-Clairville,NE,Northern Elms,2018,13858
018,New Toronto,NT,New Toronto,2018,15193
107,Oakwood-Vaughan,OV,Oakwood Village Library and Arts Centre,2018,21743
069,Blake-Jones,PA,Pape/Danforth,2018,60571
171,Junction-Wallace Emerson,PE,Perth/Dupont,2018,5775
085,South Parkdale,PK,Parkdale,2018,103625
073,Moss Park,PL,Parliament Street,2018,62072
095,Annex,PM,Palmerston,2018,23629
133,Centennial Scarborough,PU,Port Union,2018,10086
046,Pleasant View,PV,Pleasant View,2018,13400
070,South Riverdale,QS,Queen/Saulter,2018,13869
068,North Riverdale,RD,Riverdale,2018,45729
007,Willowridge-Martingrove-Richview,RI,Richview,2018,71177
088,High Park North,RN,Runnymede,2018,68987
004,Rexdale-Kipling,RX,Rexdale,2018,11519
078,Kensington-Chinatown,SA,Sanderson,2018,52512
156,Bendale -Glen Andrew,SC,Scarborough Civic Centre,2018,45256
074,North St. James Town,SJ,St. James Town,2018,51621
166,St Lawrence-East Bayfront-The Islands,SL,St. Lawrence,2018,24264
095,Annex,SP,Spadina Road,2018,15469
116,Steeles,ST,Steeles,2018,14624
087,High Park-Swansea,SW,Swansea Memorial,2018,1443
059,Danforth Village - East York,SWS,S. Walter Stewart,2018,64722
122,Birchcliffe-Cliffside,TA,Taylor Memorial,2018,8594
055,Thorncliffe Park,TH,Thorncliffe,2018,50333
058,Old East York,TOD,Todmorden Room,2018,3450
098,Rosedale-Moore Park,TRL,Toronto Reference Library,2018,428446
043,Victoria Village,VV,Victoria Village,2018,9463
113,Weston,WE,Weston,2018,26060
022,Humbermede,WP,Woodview Park,2018,13555
129,Agincourt North,WS,Woodside Square,2018,75752
096,Casa Loma,WY,Wychwood,2018,16140
095,Annex,YO,Yorkville,2018,22390
025,Glenfield-Jane Heights,YW,York Woods,2018,93349
002,Mount Olive-Silverstone-Jamestown,AB,Albion,2019,105936
120,Clairlea-Birchmount,ACD,Albert Campbell,2019,54592
020,Alderwood,AD,Alderwood,2019,10518
118,Tam O'Shanter-Sullivan,AG,Agincourt,2019,110006
039,Bedford Park-Nortown,AH,Armour Heights,2019,9414
090,Junction Area,AN,Annette Street,2019,20898
030,Brookhaven-Amesbury,AP,Amesbury Park,2019,13549
150,Fenside-Parkwoods,BB,Brookbanks,2019,16706
154,Oakdale-Beverley Heights,BC,Black Creek,2019,25777
157,Bendale South,BD,Bendale,2019,13281
063,The Beaches,BE,Beaches,2019,26353
032,Englemount-Lawrence,BF,Barbara Frum,2019,66397
083,Dufferin Grove,BL,Bloor/Gladstone,2019,119884
015,Kingsway South,BR,Brentwood,2019,51475
147,L'Amoreaux West,BRW,Bridlewood,2019,47541
146,Malvern East,BUR,Burrows Hall,2019,17393
123,Cliffcrest,CC,Cliffcrest,2019,14182
035,Westminster-Branson,CE,Centennial,2019,21971
141,Golfdale-Cedarbrae-Woburn,CED,Cedarbrae,2019,124808
170,Yonge-Bay Corridor,CH,City Hall,2019,47505
037,Willowdale West,CL,North York Central Library,2019,227153
080,Palmerston-Little Italy,CS,College/Shaw,2019,21432
064,Woodbine Corridor,DA,Danforth/Coxwell,2019,36170
042,Banbury-Don Mills,DM,Don Mills,2019,46052
155,Downsview,DO,Downsview,2019,43740
098,Rosedale-Moore Park,DP,Deer Park,2019,61486
054,O'Connor-Parkview,DR,Dawes Road,2019,29528
094,Wychwood,DT,Davenport,2019,4311
092,Corso Italia-Davenport,DU,Dufferin/St. Clair,2019,40379
158,Islington,EA,Eatonville,2019,38638
011,Eringate-Centennial-West Deane,EB,Elmbrook Park,2019,5383
110,Keelesdale-Eglinton West,EG,Evelyn Gregory,2019,12828
052,Bayview Village,EN,Ethennonnhawahstihnen',2019,20341
120,Clairlea-Birchmount,ES,Eglinton Square,2019,55205
102,Forest Hill North,FH,Forest Hill,2019,17319
165,Harbourfront-CityPlace,FO,Fort York,2019,38890
044,Flemingdon Park,FP,Flemingdon Park,2019,29562
047,Don Valley Village,FV,Fairview,2019,132363
065,Greenwood-Coxwell,GE,Gerrard/Ashdale,2019,16283
130,Milliken,GHP,Goldhawk Park,2019,28864
140,Guildwood,GW,Guildwood,2019,3327
016,Stonegate-Queensway,HB,Humber Bay,2019,6809
134,Highland Creek,HC,Highland Creek,2019,15568
048,Hillcrest Village,HIL,Hillcrest,2019,15515
087,High Park-Swansea,HP,High Park,2019,33287
021,Humber Summit,HS,Humber Summit,2019,11207
001,West Humber-Clairville,HW,Humberwood,2019,10952
089,Runnymede-Bloor West Village,JD,Jane/Dundas,2019,41567
070,South Riverdale,JO,Jones,2019,14749
025,Glenfield-Jane Heights,JS,Jane/Sheppard,2019,25099
125,Ionview,KE,Kennedy/Eglinton,2019,27027
019,Long Branch,LB,Long Branch,2019,13628
056,Leaside-Bennington,LE,Leaside,2019,21315
103,Lawrence Park South,LO,Locke,2019,36896
078,Kensington-Chinatown,LS,Lillian H. Smith,2019,91815
062,East End-Danforth,MA,Main Street,2019,23379
146,Malvern East,MAL,Malvern,2019,79554
107,Oakwood-Vaughan,MAS,Maria A. Shchuka,2019,79476
126,Dorset Park,MCG,McGregor Park,2019,29609
115,Mount Dennis,MD,Mount Dennis,2019,31430
160,Mimico-Queensway,MI,Mimico Centennial,2019,12713
099,Mount Pleasant East,MP,Mount Pleasant,2019,5368
119,Wexford-Maryvale,MRV,Maryvale,2019,32754
136,West Hill,MS,Morningside,2019,29277
100,Yonge-Eglinton,ND,Northern District,2019,92396
001,West Humber-Clairville,NE,Northern Elms,2019,12233
018,New Toronto,NT,New Toronto,2019,13824
107,Oakwood-Vaughan,OV,Oakwood Village Library and Arts Centre,2019,19498
069,Blake-Jones,PA,Pape/Danforth,2019,49103
171,Junction-Wallace Emerson,PE,Perth/Dupont,2019,5480
085,South Parkdale,PK,Parkdale,2019,53495
073,Moss Park,PL,Parliament Street,2019,28959
095,Annex,PM,Palmerston,2019,21569
133,Centennial Scarborough,PU,Port Union,2019,8556
046,Pleasant View,PV,Pleasant View,2019,13878
070,South Riverdale,QS,Queen/Saulter,2019,10704
068,North Riverdale,RD,Riverdale,2019,44200
007,Willowridge-Martingrove-Richview,RI,Richview,2019,71343
088,High Park North,RN,Runnymede,2019,67083
004,Rexdale-Kipling,RX,Rexdale,2019,10536
078,Kensington-Chinatown,SA,Sanderson,2019,53178
156,Bendale -Glen Andrew,SC,Scarborough Civic Centre,2019,43849
091,Weston-Pellam Park,SI,St. Clair/Silverthorn,2019,1473
074,North St. James Town,SJ,St. James Town,2019,58962
166,St Lawrence-East Bayfront-The Islands,SL,St. Lawrence,2019,27347
095,Annex,SP,Spadina Road,2019,14116
116,Steeles,ST,Steeles,2019,36129
087,High Park-Swansea,SW,Swansea Memorial,2019,2707
059,Danforth Village - East York,SWS,S. Walter Stewart,2019,58495
122,Birchcliffe-Cliffside,TA,Taylor Memorial,2019,8422
055,Thorncliffe Park,TH,Thorncliffe,2019,42950
058,Old East York,TOD,Todmorden Room,2019,3749
098,Rosedale-Moore Park,TRL,Toronto Reference Library,2019,390307
043,Victoria Village,VV,Victoria Village,2019,9070
113,Weston,WE,Weston,2019,26812
022,Humbermede,WP,Woodview Park,2019,14657
129,Agincourt North,WS,Woodside Square,2019,72288
095,Annex,YO,Yorkville,2019,21130
025,Glenfield-Jane Heights,YW,York Woods,2019,62065
002,Mount Olive-Silverstone-Jamestown,AB,Albion,2020,26076
020,Alderwood,AD,Alderwood,2020,1892
118,Tam O'Shanter-Sullivan,AG,Agincourt,2020,25441
039,Bedford Park-Nortown,AH,Armour Heights,2020,1811
090,Junction Area,AN,Annette Street,2020,5746
030,Brookhaven-Amesbury,AP,Amesbury Park,2020,4251
150,Fenside-Parkwoods,BB,Brookbanks,2020,4129
154,Oakdale-Beverley Heights,BC,Black Creek,2020,5912
157,Bendale South,BD,Bendale,2020,3706
063,The Beaches,BE,Beaches,2020,7102
032,Englemount-Lawrence,BF,Barbara Frum,2020,18233
083,Dufferin Grove,BL,Bloor/Gladstone,2020,31570
015,Kingsway South,BR,Brentwood,2020,14194
147,L'Amoreaux West,BRW,Bridlewood,2020,10115
146,Malvern East,BUR,Burrows Hall,2020,2989
123,Cliffcrest,CC,Cliffcrest,2020,2888
035,Westminster-Branson,CE,Centennial,2020,4810
141,Golfdale-Cedarbrae-Woburn,CED,Cedarbrae,2020,35952
170,Yonge-Bay Corridor,CH,City Hall,2020,8603
037,Willowdale West,CL,North York Central Library,2020,62120
080,Palmerston-Little Italy,CS,College/Shaw,2020,4090
064,Woodbine Corridor,DA,Danforth/Coxwell,2020,9723
042,Banbury-Don Mills,DM,Don Mills,2020,13816
155,Downsview,DO,Downsview,2020,11773
098,Rosedale-Moore Park,DP,Deer Park,2020,15121
054,O'Connor-Parkview,DR,Dawes Road,2020,7374
094,Wychwood,DT,Davenport,2020,922
092,Corso Italia-Davenport,DU,Dufferin/St. Clair,2020,8753
158,Islington,EA,Eatonville,2020,10679
011,Eringate-Centennial-West Deane,EB,Elmbrook Park,2020,852
110,Keelesdale-Eglinton West,EG,Evelyn Gregory,2020,3408
052,Bayview Village,EN,Ethennonnhawahstihnen',2020,4497
120,Clairlea-Birchmount,ES,Eglinton Square,2020,12119
102,Forest Hill North,FH,Forest Hill,2020,4598
165,Harbourfront-CityPlace,FO,Fort York,2020,7407
044,Flemingdon Park,FP,Flemingdon Park,2020,6271
047,Don Valley Village,FV,Fairview,2020,32314
065,Greenwood-Coxwell,GE,Gerrard/Ashdale,2020,3739
130,Milliken,GHP,Goldhawk Park,2020,6205
140,Guildwood,GW,Guildwood,2020,2225
016,Stonegate-Queensway,HB,Humber Bay,2020,1232
134,Highland Creek,HC,Highland Creek,2020,4426
048,Hillcrest Village,HIL,Hillcrest,2020,3582
087,High Park-Swansea,HP,High Park,2020,7341
021,Humber Summit,HS,Humber Summit,2020,3415
001,West Humber-Clairville,HW,Humberwood,2020,2229
089,Runnymede-Bloor West Village,JD,Jane/Dundas,2020,11692
070,South Riverdale,JO,Jones,2020,3568
025,Glenfield-Jane Heights,JS,Jane/Sheppard,2020,7509
125,Ionview,KE,Kennedy/Eglinton,2020,7709
019,Long Branch,LB,Long Branch,2020,2755
056,Leaside-Bennington,LE,Leaside,2020,5065
103,Lawrence Park South,LO,Locke,2020,8879
078,Kensington-Chinatown,LS,Lillian H. Smith,2020,26622
062,East End-Danforth,MA,Main Street,2020,7986
146,Malvern East,MAL,Malvern,2020,20033
107,Oakwood-Vaughan,MAS,Maria A. Shchuka,2020,19854
126,Dorset Park,MCG,McGregor Park,2020,7509
115,Mount Dennis,MD,Mount Dennis,2020,8491
160,Mimico-Queensway,MI,Mimico Centennial,2020,3871
099,Mount Pleasant East,MP,Mount Pleasant,2020,1040
119,Wexford-Maryvale,MRV,Maryvale,2020,5973
136,West Hill,MS,Morningside,2020,6127
100,Yonge-Eglinton,ND,Northern District,2020,26221
001,West Humber-Clairville,NE,Northern Elms,2020,3650
018,New Toronto,NT,New Toronto,2020,3370
107,Oakwood-Vaughan,OV,Oakwood Village Library and Arts Centre,2020,4420
069,Blake-Jones,PA,Pape/Danforth,2020,11283
171,Junction-Wallace Emerson,PE,Perth/Dupont,2020,1099
085,South Parkdale,PK,Parkdale,2020,24647
073,Moss Park,PL,Parliament Street,2020,15114
095,Annex,PM,Palmerston,2020,5166
133,Centennial Scarborough,PU,Port Union,2020,1732
046,Pleasant View,PV,Pleasant View,2020,3843
070,South Riverdale,QS,Queen/Saulter,2020,2064
068,North Riverdale,RD,Riverdale,2020,10683
007,Willowridge-Martingrove-Richview,RI,Richview,2020,20928
088,High Park North,RN,Runnymede,2020,16323
004,Rexdale-Kipling,RX,Rexdale,2020,2595
078,Kensington-Chinatown,SA,Sanderson,2020,12650
156,Bendale -Glen Andrew,SC,Scarborough Civic Centre,2020,12080
091,Weston-Pellam Park,SI,St. Clair/Silverthorn,2020,1390
074,North St. James Town,SJ,St. James Town,2020,9389
166,St Lawrence-East Bayfront-The Islands,SL,St. Lawrence,2020,7287
095,Annex,SP,Spadina Road,2020,2867
116,Steeles,ST,Steeles,2020,7465
087,High Park-Swansea,SW,Swansea Memorial,2020,607
059,Danforth Village - East York,SWS,S. Walter Stewart,2020,14360
122,Birchcliffe-Cliffside,TA,Taylor Memorial,2020,2360
055,Thorncliffe Park,TH,Thorncliffe,2020,11491
058,Old East York,TOD,Todmorden Room,2020,754
098,Rosedale-Moore Park,TRL,Toronto Reference Library,2020,113637
043,Victoria Village,VV,Victoria Village,2020,1886
113,Weston,WE,Weston,2020,7825
022,Humbermede,WP,Woodview Park,2020,3980
129,Agincourt North,WS,Woodside Square,2020,13434
095,Annex,YO,Yorkville,2020,4700
025,Glenfield-Jane Heights,YW,York Woods,2020,8832
002,Mount Olive-Silverstone-Jamestown,AB,Albion,2021,14154
020,Alderwood,AD,Alderwood,2021,504
118,Tam O'Shanter-Sullivan,AG,Agincourt,2021,10508
039,Bedford Park-Nortown,AH,Armour Heights,2021,1044
090,Junction Area,AN,Annette Street,2021,3349
030,Brookhaven-Amesbury,AP,Amesbury Park,2021,1588
150,Fenside-Parkwoods,BB,Brookbanks,2021,1970
154,Oakdale-Beverley Heights,BC,Black Creek,2021,2747
157,Bendale South,BD,Bendale,2021,1597
063,The Beaches,BE,Beaches,2021,3402
032,Englemount-Lawrence,BF,Barbara Frum,2021,8645
083,Dufferin Grove,BL,Bloor/Gladstone,2021,15125
015,Kingsway South,BR,Brentwood,2021,6654
147,L'Amoreaux West,BRW,Bridlewood,2021,4211
146,Malvern East,BUR,Burrows Hall,2021,711
123,Cliffcrest,CC,Cliffcrest,2021,1223
035,Westminster-Branson,CE,Centennial,2021,2658
141,Golfdale-Cedarbrae-Woburn,CED,Cedarbrae,2021,15494
037,Willowdale West,CL,North York Central Library,2021,29480
080,Palmerston-Little Italy,CS,College/Shaw,2021,1019
064,Woodbine Corridor,DA,Danforth/Coxwell,2021,4674
042,Banbury-Don Mills,DM,Don Mills,2021,5654
155,Downsview,DO,Downsview,2021,9331
098,Rosedale-Moore Park,DP,Deer Park,2021,6770
054,O'Connor-Parkview,DR,Dawes Road,2021,3048
092,Corso Italia-Davenport,DU,Dufferin/St. Clair,2021,3707
158,Islington,EA,Eatonville,2021,4215
011,Eringate-Centennial-West Deane,EB,Elmbrook Park,2021,341
110,Keelesdale-Eglinton West,EG,Evelyn Gregory,2021,1548
052,Bayview Village,EN,Ethennonnhawahstihnen',2021,2518
120,Clairlea-Birchmount,ES,Eglinton Square,2021,4067
102,Forest Hill North,FH,Forest Hill,2021,1936
165,Harbourfront-CityPlace,FO,Fort York,2021,3854
044,Flemingdon Park,FP,Flemingdon Park,2021,2479
047,Don Valley Village,FV,Fairview,2021,15276
065,Greenwood-Coxwell,GE,Gerrard/Ashdale,2021,1867
130,Milliken,GHP,Goldhawk Park,2021,2695
140,Guildwood,GW,Guildwood,2021,758
016,Stonegate-Queensway,HB,Humber Bay,2021,449
134,Highland Creek,HC,Highland Creek,2021,1542
048,Hillcrest Village,HIL,Hillcrest,2021,1284
087,High Park-Swansea,HP,High Park,2021,3409
021,Humber Summit,HS,Humber Summit,2021,982
001,West Humber-Clairville,HW,Humberwood,2021,909
089,Runnymede-Bloor West Village,JD,Jane/Dundas,2021,5875
070,South Riverdale,JO,Jones,2021,1385
025,Glenfield-Jane Heights,JS,Jane/Sheppard,2021,3224
125,Ionview,KE,Kennedy/Eglinton,2021,5727
019,Long Branch,LB,Long Branch,2021,915
056,Leaside-Bennington,LE,Leaside,2021,2526
103,Lawrence Park South,LO,Locke,2021,3700
078,Kensington-Chinatown,LS,Lillian H. Smith,2021,14526
062,East End-Danforth,MA,Main Street,2021,4891
146,Malvern East,MAL,Malvern,2021,7303
107,Oakwood-Vaughan,MAS,Maria A. Shchuka,2021,7608
126,Dorset Park,MCG,McGregor Park,2021,2602
115,Mount Dennis,MD,Mount Dennis,2021,3898
160,Mimico-Queensway,MI,Mimico Centennial,2021,1652
119,Wexford-Maryvale,MRV,Maryvale,2021,2661
136,West Hill,MS,Morningside,2021,2324
100,Yonge-Eglinton,ND,Northern District,2021,14308
001,West Humber-Clairville,NE,Northern Elms,2021,1480
018,New Toronto,NT,New Toronto,2021,1608
107,Oakwood-Vaughan,OV,Oakwood Village Library and Arts Centre,2021,1934
069,Blake-Jones,PA,Pape/Danforth,2021,3053
171,Junction-Wallace Emerson,PE,Perth/Dupont,2021,274
085,South Parkdale,PK,Parkdale,2021,13675
073,Moss Park,PL,Parliament Street,2021,5033
095,Annex,PM,Palmerston,2021,1523
133,Centennial Scarborough,PU,Port Union,2021,469
046,Pleasant View,PV,Pleasant View,2021,1565
070,South Riverdale,QS,Queen/Saulter,2021,529
068,North Riverdale,RD,Riverdale,2021,4799
007,Willowridge-Martingrove-Richview,RI,Richview,2021,9403
088,High Park North,RN,Runnymede,2021,8291
004,Rexdale-Kipling,RX,Rexdale,2021,1166
078,Kensington-Chinatown,SA,Sanderson,2021,6778
156,Bendale -Glen Andrew,SC,Scarborough Civic Centre,2021,5578
091,Weston-Pellam Park,SI,St. Clair/Silverthorn,2021,709
074,North St. James Town,SJ,St. James Town,2021,1922
166,St Lawrence-East Bayfront-The Islands,SL,St. Lawrence,2021,4073
095,Annex,SP,Spadina Road,2021,705
116,Steeles,ST,Steeles,2021,2207
059,Danforth Village - East York,SWS,S. Walter Stewart,2021,5318
122,Birchcliffe-Cliffside,TA,Taylor Memorial,2021,926
055,Thorncliffe Park,TH,Thorncliffe,2021,5107
058,Old East York,TOD,Todmorden Room,2021,157
098,Rosedale-Moore Park,TRL,Toronto Reference Library,2021,49391
043,Victoria Village,VV,Victoria Village,2021,938
113,Weston,WE,Weston,2021,4390
022,Humbermede,WP,Woodview Park,2021,1409
129,Agincourt North,WS,Woodside Square,2021,5878
095,Annex,YO,Yorkville,2021,1929
025,Glenfield-Jane Heights,YW,York Woods,2021,3571
002,Mount Olive-Silverstone-Jamestown,AB,Albion,2022,44967
120,Clairlea-Birchmount,ACD,Albert Campbell,2022,14030
020,Alderwood,AD,Alderwood,2022,2587
118,Tam O'Shanter-Sullivan,AG,Agincourt,2022,35212
039,Bedford Park-Nortown,AH,Armour Heights,2022,1852
090,Junction Area,AN,Annette Street,2022,6485
030,Brookhaven-Amesbury,AP,Amesbury Park,2022,5981
150,Fenside-Parkwoods,BB,Brookbanks,2022,6340
154,Oakdale-Beverley Heights,BC,Black Creek,2022,9480
157,Bendale South,BD,Bendale,2022,5019
063,The Beaches,BE,Beaches,2022,9254
032,Englemount-Lawrence,BF,Barbara Frum,2022,21799
083,Dufferin Grove,BL,Bloor/Gladstone,2022,48813
015,Kingsway South,BR,Brentwood,2022,20232
147,L'Amoreaux West,BRW,Bridlewood,2022,17132
146,Malvern East,BUR,Burrows Hall,2022,4884
123,Cliffcrest,CC,Cliffcrest,2022,6156
035,Westminster-Branson,CE,Centennial,2022,9196
141,Golfdale-Cedarbrae-Woburn,CED,Cedarbrae,2022,43222
170,Yonge-Bay Corridor,CH,City Hall,2022,11020
037,Willowdale West,CL,North York Central Library,2022,87439
080,Palmerston-Little Italy,CS,College/Shaw,2022,6025
064,Woodbine Corridor,DA,Danforth/Coxwell,2022,15464
042,Banbury-Don Mills,DM,Don Mills,2022,17395
155,Downsview,DO,Downsview,2022,31542
098,Rosedale-Moore Park,DP,Deer Park,2022,22943
054,O'Connor-Parkview,DR,Dawes Road,2022,8493
094,Wychwood,DT,Davenport,2022,1010
092,Corso Italia-Davenport,DU,Dufferin/St. Clair,2022,10777
158,Islington,EA,Eatonville,2022,14964
011,Eringate-Centennial-West Deane,EB,Elmbrook Park,2022,1137
110,Keelesdale-Eglinton West,EG,Evelyn Gregory,2022,3613
052,Bayview Village,EN,Ethennonnhawahstihnen',2022,8193
120,Clairlea-Birchmount,ES,Eglinton Square,2022,18279
102,Forest Hill North,FH,Forest Hill,2022,6495
165,Harbourfront-CityPlace,FO,Fort York,2022,14731
044,Flemingdon Park,FP,Flemingdon Park,2022,9928
047,Don Valley Village,FV,Fairview,2022,46018
065,Greenwood-Coxwell,GE,Gerrard/Ashdale,2022,3697
130,Milliken,GHP,Goldhawk Park,2022,6531
140,Guildwood,GW,Guildwood,2022,2700
016,Stonegate-Queensway,HB,Humber Bay,2022,2728
134,Highland Creek,HC,Highland Creek,2022,3568
048,Hillcrest Village,HIL,Hillcrest,2022,3144
087,High Park-Swansea,HP,High Park,2022,9156
021,Humber Summit,HS,Humber Summit,2022,3551
001,West Humber-Clairville,HW,Humberwood,2022,2807
089,Runnymede-Bloor West Village,JD,Jane/Dundas,2022,17688
070,South Riverdale,JO,Jones,2022,3350
025,Glenfield-Jane Heights,JS,Jane/Sheppard,2022,10134
125,Ionview,KE,Kennedy/Eglinton,2022,17130
019,Long Branch,LB,Long Branch,2022,4649
056,Leaside-Bennington,LE,Leaside,2022,6381
103,Lawrence Park South,LO,Locke,2022,7941
078,Kensington-Chinatown,LS,Lillian H. Smith,2022,53604
062,East End-Danforth,MA,Main Street,2022,11288
146,Malvern East,MAL,Malvern,2022,23708
107,Oakwood-Vaughan,MAS,Maria A. Shchuka,2022,24408
126,Dorset Park,MCG,McGregor Park,2022,7915
115,Mount Dennis,MD,Mount Dennis,2022,12200
160,Mimico-Queensway,MI,Mimico Centennial,2022,5121
119,Wexford-Maryvale,MRV,Maryvale,2022,9766
136,West Hill,MS,Morningside,2022,11739
100,Yonge-Eglinton,ND,Northern District,2022,40022
001,West Humber-Clairville,NE,Northern Elms,2022,4798
018,New Toronto,NT,New Toronto,2022,5557
107,Oakwood-Vaughan,OV,Oakwood Village Library and Arts Centre,2022,5348
069,Blake-Jones,PA,Pape/Danforth,2022,14645
171,Junction-Wallace Emerson,PE,Perth/Dupont,2022,1690
085,South Parkdale,PK,Parkdale,2022,43158
073,Moss Park,PL,Parliament Street,2022,26672
095,Annex,PM,Palmerston,2022,6610
133,Centennial Scarborough,PU,Port Union,2022,2287
046,Pleasant View,PV,Pleasant View,2022,3536
070,South Riverdale,QS,Queen/Saulter,2022,4032
068,North Riverdale,RD,Riverdale,2022,16743
007,Willowridge-Martingrove-Richview,RI,Richview,2022,25414
088,High Park North,RN,Runnymede,2022,28534
004,Rexdale-Kipling,RX,Rexdale,2022,3016
078,Kensington-Chinatown,SA,Sanderson,2022,17522
156,Bendale -Glen Andrew,SC,Scarborough Civic Centre,2022,21266
091,Weston-Pellam Park,SI,St. Clair/Silverthorn,2022,2182
074,North St. James Town,SJ,St. James Town,2022,14698
166,St Lawrence-East Bayfront-The Islands,SL,St. Lawrence,2022,9443
095,Annex,SP,Spadina Road,2022,5208
116,Steeles,ST,Steeles,2022,8960
087,High Park-Swansea,SW,Swansea Memorial,2022,540
059,Danforth Village - East York,SWS,S. Walter Stewart,2022,16305
122,Birchcliffe-Cliffside,TA,Taylor Memorial,2022,2401
055,Thorncliffe Park,TH,Thorncliffe,2022,16651
058,Old East York,TOD,Todmorden Room,2022,1220
098,Rosedale-Moore Park,TRL,Toronto Reference Library,2022,136640
043,Victoria Village,VV,Victoria Village,2022,2572
113,Weston,WE,Weston,2022,14837
022,Humbermede,WP,Woodview Park,2022,4115
129,Agincourt North,WS,Woodside Square,2022,21028
096,Casa Loma,WY,Wychwood,2022,3836
095,Annex,YO,Yorkville,2022,8755
025,Glenfield-Jane Heights,YW,York Woods,2022,16088
